,categorty,color,color_fix,dealer,hand,km,km_fix,owner,license,licence,lising,location,district,region,maker,price_fix,model,price,size,test,year
0,קסטום,"צבע
ירוק בקבוק",ירוק בקבוק,עודכן היום,1,"קילומטראז'
27000",27000,פרטית,A,"דרגת רשיון
A ללא הגבלה","בעלות נוכחית
פרטית",חולון,tel aviv,am,הרלי,129000,דיווידסון אחר,"129,000 ₪",1800,"טסט עד
04/2022",2018
1,דו שימושי,"צבע
לבן מטאלי",לבן מטאלי,עודכן היום,2,"קילומטראז'
175000",175000,פרטית,A,"דרגת רשיון
A ללא הגבלה","בעלות נוכחית
פרטית",באר שבע,south,eu,ב.מ.וו,45000,R1200GS,"45,000 ₪",1200,"טסט עד
06/2022",2011
2,ספורט/כביש,"צבע
כתום",כתום,עודכן היום,4,"קילומטראז'
8900",8900,פרטית,A2,"דרגת רשיון
A2 עד 125 סמ""ק/14 כ""ס","בעלות נוכחית
פרטית",קרית מוצקין,haifa,eu,ק.ט.מ,13500,דיוק 125,"13,500 ₪",125,"טסט עד
07/2022",2019
3,דו שימושי,"צבע
לבן",לבן,עודכן היום,1,"קילומטראז'
3000",3000,פרטית,A1,"דרגת רשיון
A1 עד 47 כ""ס","בעלות נוכחית
פרטית",ראש העין,center,other,בנלי,45000,TRK502X,"45,000 ₪",500,"טסט עד
01/2022",2021
4,דו שימושי,"בעלות נוכחית
חברה",שחור,עודכן היום,2,"קילומטראז'
45000",45000,חברה,A,"צבע
שחור","מוכן להחלפה
לא",קרית מוצקין,haifa,eu,ב.מ.וו,112000,"R1200GS אדוונצ""ר","112,000 ₪",1200,"בעלות קודמת
חברה",2017
6,דו שימושי,"טסט עד
09/2021",לבן פנינה,עודכן היום,1,"קילומטראז'
52000",52000,פרטית,A,"צבע
לבן פנינה","מוכן להחלפה
לא",רמת גן,tel aviv,eu,ב.מ.וו,105000,"R1200GS אדוונצ""ר","105,000 ₪",1200,"בעלות נוכחית
פרטית",2017
7,קסטום,"צבע
שחור",שחור,עודכן היום,5,"קילומטראז'
60000",60000,פרטית,A,"דרגת רשיון
A ללא הגבלה","בעלות נוכחית
פרטית",ראש העין,center,jp,ימאהה,55000,XVS1300 קלאסיק,"55,000 ₪",1300,"טסט עד
09/2022",2008
8,קסטום,"צבע
לבן פנינה",לבן פנינה,עודכן היום,2,"קילומטראז'
29300",29300,פרטית,A,"דרגת רשיון
A ללא הגבלה","בעלות נוכחית
פרטית",רמת גן,tel aviv,jp,קאוואסאקי,27000,Vulcan S,"27,000 ₪",650,"טסט עד
10/2021",2015
9,קסטום,"צבע
שחור מטאלי",שחור מטאלי,עודכן היום,1,"קילומטראז'
16000",16000,פרטית,A1,"דרגת רשיון
A1 עד 47 כ""ס","בעלות נוכחית
פרטית",אשדוד,south,jp,קאוואסאקי,42000,Vulcan S,"42,000 ₪",650,"טסט עד
08/2022",2020
10,קסטום,"צבע
כחול מטאלי",כחול מטאלי,עודכן היום,3,"קילומטראז'
8800",8800,פרטית,A1,"דרגת רשיון
A1 עד 47 כ""ס","בעלות נוכחית
פרטית",תל אביב יפו,tel aviv,am,הרלי,72000,דיווידסון ספורטר 48 XL 1220X,"72,000 ₪",1200,"טסט עד
03/2022",2019
11,ספורט/כביש,"בעלות נוכחית
פרטית",שחור,עודכן היום,3,"קילומטראז'
25000",25000,פרטית,A2,"צבע
שחור","מוכן להחלפה
לא",ירכא,north,other,קיוואי,8000,CITYBLADE 125,"8,000 ₪",125,"בעלות קודמת
פרטית",2020
12,מוטוקרוס,"צבע
כחול",כחול,עודכן היום,4,"קילומטראז'
28000",28000,פרטית,A1,"דרגת רשיון
A1 עד 47 כ""ס","בעלות קודמת
פרטית",ירושלים,jerusalem,jp,ימאהה,25000,WR250R,"25,000 ₪",250,"בעלות נוכחית
פרטית",2021
13,ספורט/כביש,"צבע
לבן",לבן,עודכן היום,3,"קילומטראז'
78000",78000,פרטית,A,"דרגת רשיון
A ללא הגבלה","בעלות נוכחית
פרטית",קרית ים,haifa,jp,ימאהה,32500,FZ1N,"32,500 ₪",1000,"טסט עד
02/2022",2011
14,ספורט/כביש,"צבע
אפור מטאלי",אפור מטאלי,עודכן היום,3,"קילומטראז'
15000",15000,פרטית,A2,"דרגת רשיון
A2 עד 125 סמ""ק/14 כ""ס","בעלות נוכחית
פרטית",רמת גן,tel aviv,other,סאן,6500,יאנג סימפוני 125,"6,500 ₪",125,"טסט עד
02/2022",2018
15,דו שימושי,"טסט עד
12/2021",שחור,עודכן היום,2,"קילומטראז'
41000",41000,פרטית,A,"צבע
שחור","בעלות קודמת
פרטית",כפר יונה,center,eu,ק.ט.מ,75000,אדוונצ'ר 1290S,"75,000 ₪",1300,"בעלות נוכחית
פרטית",2018
16,דו שימושי,"צבע
שחור מטאלי",שחור מטאלי,עודכן היום,1,"קילומטראז'
10000",10000,פרטית,A,"דרגת רשיון
A ללא הגבלה","בעלות נוכחית
פרטית",תל אביב יפו,tel aviv,jp,קאוואסאקי,43500,Z900,"43,500 ₪",900,"טסט עד
06/2022",2018
18,דו שימושי,"טסט עד
02/2022",לבן,עודכן היום,1,"קילומטראז'
3500",3500,פרטית,A1,"צבע
לבן","מוכן להחלפה
לא",יקנעם עילית,north,eu,הוסקוורנה,55000,TE300,"55,000 ₪",300,"בעלות נוכחית
פרטית",2019
21,ספורט/כביש,"צבע
כחול כהה",כחול כהה,עודכן היום,1,"קילומטראז'
5000",5000,פרטית,A1,"דרגת רשיון
A1 עד 47 כ""ס","בעלות נוכחית
פרטית",ראשון לציון,center,eu,הונדה,60000,Forza NSS300,"60,000 ₪",750,"טסט עד
01/2022",2021
22,ספורט/כביש,"צבע
כחול בהיר",כחול בהיר,עודכן היום,1,"קילומטראז'
3000",3000,פרטית,A,"דרגת רשיון
A ללא הגבלה","בעלות נוכחית
פרטית",עפולה,north,jp,ימאהה,72000,MT 09,"72,000 ₪",900,"טסט עד
08/2022",2020
23,ספורט/כביש,"צבע
שחור מטאלי",שחור מטאלי,עודכן היום,3,"קילומטראז'
50000",50000,פרטית,A1,"דרגת רשיון
A1 עד 47 כ""ס","בעלות נוכחית
פרטית",באר שבע,south,eu,הונדה,19999,CBR500R,"19,999 ₪",500,"טסט עד
10/2021",2015
24,קסטום,"טסט עד
04/2022",שחור מטאלי,עודכן היום,2,"קילומטראז'
24000",24000,פרטית,A,"צבע
שחור מטאלי","בעלות קודמת
פרטית",עומר,south,am,הרלי,133000,דיווידסון דיינה לוו-ריידר 1585,"133,000 ₪",1800,"בעלות נוכחית
פרטית",2018
25,קסטום,"צבע
שחור",שחור,עודכן היום,2,"קילומטראז'
57000",57000,פרטית,A,"דרגת רשיון
A ללא הגבלה","בעלות נוכחית
פרטית",כפר סבא,center,jp,גולדן,75000,מוטורסיק CHOPPER,"75,000 ₪",1800,"טסט עד
08/2022",2013
26,ספורט/כביש,"צבע
שחור",שחור,עודכן היום,4,"קילומטראז'
30000",30000,פרטית,A,"דרגת רשיון
A ללא הגבלה","בעלות נוכחית
פרטית",אשקלון,south,jp,קאוואסאקי,13500,Z750S,"13,500 ₪",750,"טסט עד
05/2022",2005
27,ספורט/כביש,"צבע
כחול",כחול,עודכן היום,2,"קילומטראז'
4000",4000,פרטית,A,"דרגת רשיון
A ללא הגבלה","בעלות נוכחית
פרטית",רמלה,center,jp,ימאהה,98999,MT-10,"98,999 ₪",1000,"טסט עד
04/2022",2021
28,דו שימושי,"צבע
שחור",שחור,עודכן היום,3,"קילומטראז'
65000",65000,פרטית,A,"דרגת רשיון
A ללא הגבלה","בעלות נוכחית
פרטית",יבנה,center,jp,ימאהה,32000,MT-07 TRACER,"32,000 ₪",700,"טסט עד
02/2022",2017
29,דו שימושי,"צבע
כתום",כתום,עודכן היום,1,"קילומטראז'
6500",6500,פרטית,A,"דרגת רשיון
A ללא הגבלה","בעלות נוכחית
פרטית",תל אביב יפו,tel aviv,eu,ק.ט.מ,35000,אדוונצר 390,"35,000 ₪",400,"טסט עד
05/2022",2020
30,דו שימושי,"צבע
לבן",לבן,עודכן היום,1,"קילומטראז'
271000",271000,פרטית,A,"דרגת רשיון
A ללא הגבלה","בעלות נוכחית
פרטית",טמרה,north,jp,ימאהה,23000,XT1200Z סופר טנרה,"23,000 ₪",1200,"טסט עד
05/2022",2014
31,ספורט/כביש,"צבע
לבן פנינה",לבן פנינה,עודכן היום,2,"קילומטראז'
46000",46000,פרטית,A,"דרגת רשיון
A ללא הגבלה","בעלות נוכחית
פרטית",תל אביב יפו,tel aviv,eu,דוקאטי,37500,היפרמוטארד 821,"37,500 ₪",800,"טסט עד
01/2022",2015
32,ספורט/כביש,"צבע
לבן",לבן,עודכן היום,2,"קילומטראז'
37000",37000,פרטית,A1,"דרגת רשיון
A1 עד 47 כ""ס","בעלות נוכחית
פרטית",תל אביב יפו,tel aviv,eu,ק.ט.מ,18000,דיוק 390,"18,000 ₪",400,"טסט עד
08/2022",2017
33,דו שימושי,"צבע
ירוק",ירוק,עודכן היום,5,"קילומטראז'
50000",50000,פרטית,A,"דרגת רשיון
A ללא הגבלה","בעלות נוכחית
פרטית",רעננה,center,eu,ב.מ.וו,46000,F800GS,"46,000 ₪",800,"טסט עד
08/2022",2013
34,ספורט/כביש,"טסט עד
07/2022",ירוק בהיר,עודכן היום,1,"קילומטראז'
300",300,פרטית,A,"צבע
ירוק בהיר","מוכן להחלפה
לא",באר שבע,south,jp,קאוואסאקי,103000,ZX-10R Ninja,"103,000 ₪",1000,"בעלות נוכחית
פרטית",2019
35,ספורט/כביש,"צבע
כחול",כחול,עודכן היום,2,"קילומטראז'
15500",15500,פרטית,A1,"דרגת רשיון
A1 עד 47 כ""ס","בעלות נוכחית
פרטית",אילת,south,jp,סוזוקי,16900,GSX- R250,"16,900 ₪",250,"טסט עד
03/2022",2018
36,קסטום,"בעלות נוכחית
פרטית",שחור,עודכן היום,2,"קילומטראז'
5000",5000,פרטית,A1,"צבע
שחור","מוכן להחלפה
לא",אשקלון,south,jp,סוזוקי,42000,DRZ400S,"42,000 ₪",400,"בעלות קודמת
פרטית",2020
37,ספורט/כביש,"צבע
לבן",לבן,עודכן היום,2,"קילומטראז'
21000",21000,פרטית,A1,"דרגת רשיון
A1 עד 47 כ""ס","בעלות נוכחית
פרטית",תל אביב יפו,tel aviv,eu,הוסקוורנה,18000,VITPILEN 401,"18,000 ₪",400,"טסט עד
06/2022",2018
38,מוטוקרוס,"צבע
לבן",לבן,עודכן היום,1,"קילומטראז'
190",190,פרטית,A2,"דרגת רשיון
A2 עד 125 סמ""ק/14 כ""ס","מוכן להחלפה
לא",חלוץ,north,eu,בטא,37000,RR 125,"37,000 ₪",125,"בעלות נוכחית
פרטית",2020
39,ספורט/כביש,"טסט עד
06/2022",אדום,עודכן היום,1,"קילומטראז'
12000",12000,פרטית,A,"צבע
אדום","מוכן להחלפה
לא",הרצליה,center,eu,דוקאטי,79900,מולטיסטרדה 950,"79,900 ₪",1000,"בעלות נוכחית
פרטית",2020
40,ספורט/כביש,"צבע
שחור",שחור,עודכן היום,1,"קילומטראז'
2697",2697,פרטית,A,"דרגת רשיון
A ללא הגבלה","בעלות נוכחית
פרטית",ביצרון,south,jp,קאוואסאקי,56000,Z900,"56,000 ₪",900,"טסט עד
05/2022",2020
41,ספורט/כביש,"צבע
שחור",שחור,עודכן היום,3,"קילומטראז'
99000",99000,פרטית,A,"דרגת רשיון
A ללא הגבלה","בעלות נוכחית
פרטית",תל אביב יפו,tel aviv,jp,קאוואסאקי,10900,ER-6N,"10,900 ₪",650,"טסט עד
05/2022",2010
43,ספורט/כביש,"צבע
שחור מטאלי",שחור מטאלי,עודכן היום,4,"קילומטראז'
3600",3600,פרטית,A,"דרגת רשיון
A ללא הגבלה","בעלות נוכחית
פרטית",סאסא,north,jp,סוזוקי,28500,DRZ400S,"28,500 ₪",400,"טסט עד
04/2022",2018
44,דו שימושי,"צבע
כחול",כחול,עודכן היום,5,"קילומטראז'
88000",88000,פרטית,A,"דרגת רשיון
A ללא הגבלה","בעלות נוכחית
פרטית",ירושלים,jerusalem,jp,קאוואסאקי,11000,Versys 650,"11,000 ₪",650,"טסט עד
03/2022",2010
45,ספורט/כביש,"בעלות נוכחית
פרטית",ירוק בהיר,עודכן היום,2,"קילומטראז'
51000",51000,פרטית,A1,"צבע
ירוק בהיר","מוכן להחלפה
כן",יבנה,center,jp,קאוואסאקי,19500,נינג'ה 300,"19,500 ₪",300,"בעלות קודמת
פרטית",2017
46,דו שימושי,"צבע
כתום",כתום,עודכן היום,2,"קילומטראז'
2400",2400,פרטית,A1,"דרגת רשיון
A1 עד 47 כ""ס","בעלות נוכחית
פרטית",זיקים,south,eu,ק.ט.מ,36000,EXC-F 350,"36,000 ₪",350,"טסט עד
06/2022",2016
47,דו שימושי,"צבע
אפור מטאלי",אפור מטאלי,עודכן היום,2,"קילומטראז'
3000",3000,פרטית,A1,"דרגת רשיון
A1 עד 47 כ""ס","בעלות נוכחית
פרטית",אעבלין,north,jp,קאוואסאקי,27000,Versys-X 300,"27,000 ₪",300,"טסט עד
10/2021",2020
48,ספורט/כביש,"צבע
שחור",שחור,עודכן היום,4,"קילומטראז'
16000",16000,פרטית,A,"דרגת רשיון
A ללא הגבלה","בעלות נוכחית
פרטית",רחובות,center,jp,קאוואסאקי,42000,Z900,"42,000 ₪",900,"טסט עד
01/2022",2019
49,דו שימושי,"צבע
אפור עכבר",אפור עכבר,עודכן היום,4,"קילומטראז'
85000",85000,פרטית,A,"דרגת רשיון
A ללא הגבלה","בעלות נוכחית
פרטית",ירושלים,jerusalem,eu,ק.ט.מ,34000,SMT990,"34,000 ₪",1000,"טסט עד
03/2022",2013
50,ספורט/כביש,"צבע
כחול",כחול,עודכן היום,1,"קילומטראז'
2000",2000,פרטית,A1,"דרגת רשיון
A1 עד 47 כ""ס","בעלות נוכחית
פרטית",קרית שמונה,north,jp,ימאהה,34500,YZF-R3,"34,500 ₪",300,"טסט עד
06/2022",2020
51,דו שימושי,"צבע
אדום",אדום,עודכן היום,10,"קילומטראז'
47000",47000,פרטית,A,"דרגת רשיון
A ללא הגבלה","בעלות נוכחית
פרטית",הרצליה,center,eu,הונדה,26000,XRV750 אפריקה טווין,"26,000 ₪",750,"טסט עד
12/2021",1998
52,דו שימושי,"צבע
אפור מטאלי",אפור מטאלי,עודכן היום,2,"קילומטראז'
4600",4600,פרטית,A1,"דרגת רשיון
A1 עד 47 כ""ס","בעלות נוכחית
פרטית",כפר יונה,center,eu,ב.מ.וו,28000,G310GS,"28,000 ₪",300,"טסט עד
10/2021",2020
53,ספורט/כביש,"צבע
שחור",שחור,עודכן היום,3,"קילומטראז'
32700",32700,פרטית,A1,"דרגת רשיון
A1 עד 47 כ""ס","בעלות נוכחית
פרטית",תל אביב יפו,tel aviv,eu,הונדה,27000,CB500F,"27,000 ₪",500,"טסט עד
02/2022",2018
54,דו שימושי,"צבע
שחור מטאלי",שחור מטאלי,עודכן היום,2,"קילומטראז'
75000",75000,פרטית,A,"דרגת רשיון
A ללא הגבלה","בעלות נוכחית
פרטית",קיסריה,haifa,eu,ב.מ.וו,112000,"R1200GS אדוונצ""ר","112,000 ₪",1200,"טסט עד
10/2021",2018
56,ספורט/כביש,"צבע
שחור",שחור,עודכן היום,1,"קילומטראז'
9500",9500,פרטית,A,"דרגת רשיון
A ללא הגבלה","בעלות נוכחית
פרטית",ראש העין,center,eu,הונדה,52000,CB650R,"52,000 ₪",650,"טסט עד
01/2023",2021
57,ספורט/כביש,"צבע
שחור",שחור,עודכן היום,4,"קילומטראז'
27000",27000,פרטית,A1,"דרגת רשיון
A1 עד 47 כ""ס","בעלות קודמת
פרטית",גאליה,center,eu,ק.ט.מ,15000,RC390,"15,000 ₪",400,"בעלות נוכחית
פרטית",2018
59,ספורט/כביש,"צבע
אפור",אפור,עודכן היום,7,"קילומטראז'
35000",35000,פרטית,A1,"דרגת רשיון
A1 עד 47 כ""ס","בעלות נוכחית
פרטית",חולון,tel aviv,eu,הונדה,23000,CBR500R,"23,000 ₪",500,"טסט עד
12/2021",2016
61,דו שימושי,"צבע
צהוב",צהוב,עודכן היום,7,"קילומטראז'
103000",103000,פרטית,A,"דרגת רשיון
A ללא הגבלה","בעלות נוכחית
פרטית",נס ציונה,center,eu,ב.מ.וו,12000,F650GS,"12,000 ₪",650,"טסט עד
11/2021",2001
62,ספורט/כביש,"צבע
שחור מטאלי",שחור מטאלי,עודכן היום,1,"קילומטראז'
1100",1100,פרטית,A1,"דרגת רשיון
A1 עד 47 כ""ס","בעלות נוכחית
פרטית",מגדל העמק,north,jp,קאוואסאקי,47000,נינג'ה 650,"47,000 ₪",650,"טסט עד
12/2022",2020
63,ספורט/כביש,"צבע
שחור",שחור,עודכן היום,1,"קילומטראז'
11000",11000,פרטית,A,"דרגת רשיון
A ללא הגבלה","בעלות נוכחית
פרטית",עכו,north,jp,קאוואסאקי,47000,Z900,"47,000 ₪",900,"טסט עד
05/2022",2020
64,ספורט/כביש,"צבע
לבן",לבן,עודכן היום,2,"קילומטראז'
8500",8500,פרטית,A1,"דרגת רשיון
A1 עד 47 כ""ס","בעלות נוכחית
פרטית",תל אביב יפו,tel aviv,eu,הוסקוורנה,27000,VITPILEN 401,"27,000 ₪",400,"טסט עד
05/2022",2019
65,דו שימושי,"צבע
שחור",שחור,עודכן היום,4,"קילומטראז'
139",139,פרטית,A1,"דרגת רשיון
A1 עד 47 כ""ס","בעלות נוכחית
פרטית",רמת גן,tel aviv,eu,הוסקוורנה,38500,FE250,"38,500 ₪",250,"טסט עד
08/2022",2017
67,ספורט/כביש,"צבע
אדום",אדום,עודכן היום,1,"קילומטראז'
4000",4000,פרטית,A,"דרגת רשיון
A ללא הגבלה","בעלות נוכחית
פרטית",גבעתיים,tel aviv,eu,דוקאטי,134000,סטריטפייטר V4,"134,000 ₪",1100,"טסט עד
03/2022",2021
68,ספורט/כביש,"צבע
שחור",שחור,עודכן היום,2,"קילומטראז'
81000",81000,פרטית,A,"דרגת רשיון
A ללא הגבלה","בעלות נוכחית
פרטית",מטולה,north,eu,הונדה,36000,CBR1100XX,"36,000 ₪",1100,"טסט עד
12/2021",2007
69,ספורט/כביש,"צבע
שחור",שחור,עודכן היום,2,"קילומטראז'
39000",39000,פרטית,A,"דרגת רשיון
A ללא הגבלה","בעלות נוכחית
פרטית",תל אביב יפו,tel aviv,eu,דוקאטי,105000,מונסטר 1200,"105,000 ₪",1200,"טסט עד
03/2022",2017
70,דו שימושי,"צבע
כתום",כתום,עודכן היום,2,"קילומטראז'
100",100,פרטית,A1,"דרגת רשיון
A1 עד 47 כ""ס","בעלות נוכחית
פרטית",קצרין,north,eu,ק.ט.מ,41000,EXC150,"41,000 ₪",150,"טסט עד
01/2022",2020
73,ספורט/כביש,"טסט עד
02/2022",אדום,עודכן היום,2,"קילומטראז'
29000",29000,פרטית,A2,"צבע
אדום","בעלות קודמת
פרטית",תל אביב יפו,tel aviv,other,קיוואי,6800,RKS 125,"6,800 ₪",125,"בעלות נוכחית
פרטית",2018
74,דו שימושי,"צבע
לבן",לבן,עודכן היום,2,"קילומטראז'
3000",3000,פרטית,A1,"דרגת רשיון
A1 עד 47 כ""ס","בעלות נוכחית
פרטית",באר יעקב,center,eu,ב.מ.וו,30000,G310GS,"30,000 ₪",300,"טסט עד
10/2021",2020
75,ספורט/כביש,"צבע
שחור",שחור,עודכן היום,1,"קילומטראז'
3500",3500,פרטית,A1,"דרגת רשיון
A1 עד 47 כ""ס","מוכן להחלפה
לא",קרית גת,south,jp,ימאהה,32300,YZF-R3,"32,300 ₪",300,"בעלות נוכחית
פרטית",2021
76,ספורט/כביש,"צבע
שחור",שחור,עודכן היום,5,"קילומטראז'
16500",16500,פרטית,A1,"דרגת רשיון
A1 עד 47 כ""ס","בעלות נוכחית
פרטית",פתח תקווה,center,eu,ק.ט.מ,13000,RC390,"13,000 ₪",400,"טסט עד
09/2021",2016
77,ספורט/כביש,"צבע
אדום",אדום,עודכן היום,2,"קילומטראז'
22000",22000,פרטית,A,"דרגת רשיון
A ללא הגבלה","בעלות נוכחית
פרטית",פתח תקווה,center,eu,MV,55000,Agusta F3 675,"55,000 ₪",700,"טסט עד
03/2022",2015
78,ספורט/כביש,"צבע
שחור מטאלי",שחור מטאלי,עודכן היום,1,"קילומטראז'
800",800,פרטית,A,"דרגת רשיון
A ללא הגבלה","בעלות נוכחית
פרטית",ראשון לציון,center,eu,אפריליה,50000,דורסודורו 750,"50,000 ₪",900,"טסט עד
08/2022",2020
79,ספורט/כביש,"צבע
אדום",אדום,עודכן היום,1,"קילומטראז'
26000",26000,פרטית,A,"דרגת רשיון
A ללא הגבלה","בעלות נוכחית
פרטית",חדרה,haifa,jp,סוזוקי,45000,GSXS750,"45,000 ₪",750,"טסט עד
11/2021",2018
80,דו שימושי,"צבע
שחור",שחור,עודכן היום,1,"קילומטראז'
1460",1460,פרטית,A1,"דרגת רשיון
A1 עד 47 כ""ס","בעלות נוכחית
פרטית",אילת,south,jp,קאוואסאקי,21000,KLX250R,"21,000 ₪",250,"טסט עד
01/2022",2020
81,ספורט/כביש,"צבע
שחור מטאלי",שחור מטאלי,עודכן היום,2,"קילומטראז'
31000",31000,פרטית,A,"דרגת רשיון
A ללא הגבלה","בעלות נוכחית
פרטית",ברקאי,haifa,jp,ימאהה,53000,MT 09 TRACER,"53,000 ₪",900,"טסט עד
05/2022",2019
82,ספורט/כביש,"צבע
שחור",שחור,עודכן היום,2,"קילומטראז'
27000",27000,פרטית,A1,"דרגת רשיון
A1 עד 47 כ""ס","בעלות נוכחית
פרטית",נהורה,south,jp,ימאהה,40000,MT 07,"40,000 ₪",700,"טסט עד
12/2021",2019
83,דו שימושי,"צבע
כתום",כתום,עודכן היום,3,"קילומטראז'
173",173,פרטית,A1,"דרגת רשיון
A1 עד 47 כ""ס","בעלות נוכחית
פרטית",קרית גת,south,eu,ק.ט.מ,49000,EXC-F 350,"49,000 ₪",350,"טסט עד
03/2022",2019
84,ספורט/כביש,"צבע
אדום מטאלי",אדום מטאלי,עודכן היום,10,"קילומטראז'
44000",44000,פרטית,A,"דרגת רשיון
A ללא הגבלה","בעלות קודמת
פרטית",רחובות,center,eu,אפריליה,20000,דורסודורו 750,"20,000 ₪",750,"בעלות נוכחית
פרטית",2010
85,דו שימושי,"צבע
כחול בהיר מטאלי",כחול בהיר מטאלי,עודכן היום,4,"קילומטראז'
35000",35000,פרטית,A1,"דרגת רשיון
A1 עד 47 כ""ס","בעלות נוכחית
פרטית",פתח תקווה,center,jp,סוזוקי,15000,DRZ400S,"15,000 ₪",400,"טסט עד
07/2022",2008
86,דו שימושי,"צבע
שחור מטאלי",שחור מטאלי,עודכן היום,3,"קילומטראז'
80000",80000,פרטית,A1,"דרגת רשיון
A1 עד 47 כ""ס","בעלות נוכחית
פרטית",אור עקיבא,haifa,eu,הונדה,20000,CB500X,"20,000 ₪",500,"טסט עד
04/2022",2015
88,ספורט/כביש,"צבע
כתום",כתום,עודכן היום,3,"קילומטראז'
38500",38500,פרטית,A,"דרגת רשיון
A ללא הגבלה","בעלות נוכחית
פרטית",כפר סבא,center,eu,ק.ט.מ,33800,SMC690,"33,800 ₪",700,"טסט עד
07/2022",2017
89,ספורט/כביש,"צבע
כחול כהה מטאלי",כחול כהה מטאלי,עודכן היום,3,"קילומטראז'
5000",5000,פרטית,A,"דרגת רשיון
A ללא הגבלה","בעלות נוכחית
פרטית",קרית אתא,haifa,jp,ימאהה,89000,YZF-R6,"89,000 ₪",600,"טסט עד
11/2021",2020
92,ספורט/כביש,"צבע
כסוף",כסוף,עודכן היום,1,"קילומטראז'
7000",7000,פרטית,A1,"דרגת רשיון
A1 עד 47 כ""ס","בעלות נוכחית
פרטית",גדרה,center,other,CF,18000,MOTO 250NK,"18,000 ₪",250,"טסט עד
04/2022",2021
93,דו שימושי,"צבע
שחור מטאלי",שחור מטאלי,עודכן היום,1,"קילומטראז'
18000",18000,פרטית,A1,"דרגת רשיון
A1 עד 47 כ""ס","בעלות נוכחית
פרטית",ירושלים,jerusalem,jp,קאוואסאקי,24000,Versys-X 300,"24,000 ₪",300,"טסט עד
07/2022",2020
95,דו שימושי,"צבע
אדום מטאלי",אדום מטאלי,עודכן היום,2,"קילומטראז'
835",835,פרטית,A2,"דרגת רשיון
A2 עד 125 סמ""ק/14 כ""ס","בעלות נוכחית
פרטית",ראש פינה,north,other,סקיי-טים,15000,Monkey / Gorilla,"15,000 ₪",125,"טסט עד
08/2022",2017
97,ספורט/כביש,"צבע
ירוק בהיר",ירוק בהיר,עודכן היום,2,"קילומטראז'
10300",10300,פרטית,A1,"דרגת רשיון
A1 עד 47 כ""ס","בעלות נוכחית
פרטית",ירושלים,jerusalem,jp,קאוואסאקי,36000,Z650 abs,"36,000 ₪",650,"טסט עד
05/2022",2020
98,ספורט/כביש,"צבע
אפור מטאלי",אפור מטאלי,עודכן היום,2,"קילומטראז'
4000",4000,פרטית,A1,"דרגת רשיון
A1 עד 47 כ""ס","בעלות נוכחית
פרטית",ירושלים,jerusalem,jp,קאוואסאקי,52000,Z900,"52,000 ₪",900,"טסט עד
02/2022",2020
99,דו שימושי,"צבע
שחור מטאלי",שחור מטאלי,עודכן היום,5,"קילומטראז'
120000",120000,פרטית,A,"דרגת רשיון
A ללא הגבלה","בעלות נוכחית
פרטית",נס ציונה,center,jp,סוזוקי,13500,DL650 וי-סטרום,"13,500 ₪",650,"טסט עד
12/2021",2008
100,ספורט/כביש,"צבע
אדום",אדום,עודכן היום,5,"קילומטראז'
46000",46000,פרטית,A,"דרגת רשיון
A ללא הגבלה","בעלות נוכחית
פרטית",מכמנים,north,eu,הונדה,22000,XRV750 אפריקה טווין,"22,000 ₪",750,"טסט עד
10/2021",1996
101,ספורט/כביש,"צבע
כחול",כחול,עודכן היום,4,"קילומטראז'
55000",55000,פרטית,A,"דרגת רשיון
A ללא הגבלה","בעלות נוכחית
פרטית",ערד,south,jp,סוזוקי,45000,GSX-R1300 בי-קינג,"45,000 ₪",1350,"טסט עד
11/2021",2011
102,דו שימושי,"צבע
אפור",אפור,עודכן היום,1,"קילומטראז'
20790",20790,פרטית,A1,"דרגת רשיון
A1 עד 47 כ""ס","בעלות נוכחית
פרטית",באר שבע,south,jp,קאוואסאקי,28000,Versys-X 300,"28,000 ₪",300,"טסט עד
07/2022",2020
103,ספורט/כביש,"צבע
לבן פנינה",לבן פנינה,עודכן היום,2,"קילומטראז'
1100",1100,פרטית,A,"דרגת רשיון
A ללא הגבלה","בעלות נוכחית
פרטית",אשקלון,south,jp,קאוואסאקי,31500,Z650 abs,"31,500 ₪",650,"טסט עד
09/2022",2019
104,דו שימושי,"טסט עד
01/2022",לבן,עודכן היום,2,"קילומטראז'
80000",80000,פרטית,A,"צבע
לבן","בעלות קודמת
פרטית",הרצליה,center,eu,ב.מ.וו,118000,"R1200GS אדוונצ""ר","118,000 ₪",1200,"בעלות נוכחית
פרטית",2018
105,קסטום,"צבע
שחור",שחור,עודכן היום,4,"קילומטראז'
55500",55500,פרטית,A1,"דרגת רשיון
A1 עד 47 כ""ס","בעלות נוכחית
פרטית",ראשון לציון,center,other,יוסאנג,9000,GV250 אקילה,"9,000 ₪",250,"טסט עד
09/2022",2012
106,ספורט/כביש,"צבע
אפור מטאלי",אפור מטאלי,עודכן היום,2,"קילומטראז'
19000",19000,פרטית,A1,"דרגת רשיון
A1 עד 47 כ""ס","בעלות נוכחית
פרטית",רחובות,center,eu,הונדה,31000,CB500F,"31,000 ₪",500,"טסט עד
11/2021",2019
108,ספורט/כביש,"צבע
שחור מטאלי",שחור מטאלי,עודכן היום,1,"קילומטראז'
3000",3000,פרטית,A,"דרגת רשיון
A ללא הגבלה","בעלות נוכחית
פרטית",יבנה,center,eu,הונדה,150000,CBR1000RR,"150,000 ₪",1000,"טסט עד
01/2022",2021
109,דו שימושי,"צבע
אדום",אדום,עודכן היום,1,"קילומטראז'
5000",5000,פרטית,A,"דרגת רשיון
A ללא הגבלה","מוכן להחלפה
לא",מזכרת בתיה,center,jp,סוזוקי,91000,DL1000 וי-סטרום,"91,000 ₪",1000,"בעלות נוכחית
פרטית",2021
112,ספורט/כביש,"צבע
אדום מטאלי",אדום מטאלי,עודכן היום,8,"קילומטראז'
114000",114000,פרטית,A,"דרגת רשיון
A ללא הגבלה","בעלות נוכחית
פרטית",חצור הגלילית,north,jp,ימאהה,17000,פייזר 600,"17,000 ₪",600,"טסט עד
06/2022",2005
113,דו שימושי,"צבע
כחול",כחול,עודכן היום,3,"קילומטראז'
229",229,פרטית,A1,"דרגת רשיון
A1 עד 47 כ""ס","בעלות קודמת
פרטית",פדיה,center,eu,הוסקוורנה,37500,FE250,"37,500 ₪",250,"בעלות נוכחית
פרטית",2017
115,ספורט/כביש,"צבע
כחול",כחול,עודכן היום,3,"קילומטראז'
27000",27000,פרטית,A1,"דרגת רשיון
A1 עד 47 כ""ס","בעלות קודמת
פרטית",ירושלים,jerusalem,jp,סוזוקי,13000,אינזומה 250,"13,000 ₪",250,"בעלות נוכחית
פרטית",2017
118,דו שימושי,"צבע
אדום מטאלי",אדום מטאלי,עודכן היום,2,"קילומטראז'
37700",37700,פרטית,A,"דרגת רשיון
A ללא הגבלה","בעלות נוכחית
פרטית",כפר סבא,center,jp,ימאהה,34000,MT-07 TRACER,"34,000 ₪",700,"טסט עד
11/2021",2017
119,דו שימושי,"צבע
כסוף מטאלי",כסוף מטאלי,עודכן היום,1,"קילומטראז'
35000",35000,פרטית,A1,"דרגת רשיון
A1 עד 47 כ""ס","בעלות נוכחית
פרטית",נהריה,north,jp,קאוואסאקי,39000,Versys 650,"39,000 ₪",650,"טסט עד
06/2022",2019
121,דו שימושי,"צבע
כחול",כחול,עודכן היום,6,"קילומטראז'
6500",6500,פרטית,A1,"דרגת רשיון
A1 עד 47 כ""ס","בעלות נוכחית
פרטית",באר שבע,south,jp,ימאהה,32500,WR250F,"32,500 ₪",250,"טסט עד
11/2021",2017
123,דו שימושי,"טסט עד
04/2022",חום מטאלי,עודכן היום,1,"קילומטראז'
19500",19500,פרטית,A1,"צבע
חום מטאלי","מוכן להחלפה
כן",תל אביב יפו,tel aviv,other,סאן,15000,יאנג ג'וי מקס ספורט 300,"15,000 ₪",300,"בעלות נוכחית
פרטית",2019
124,ספורט/כביש,"צבע
שחור",שחור,עודכן היום,3,"קילומטראז'
32000",32000,פרטית,A1,"דרגת רשיון
A1 עד 47 כ""ס","בעלות קודמת
פרטית",בית ברל,center,jp,קאוואסאקי,8500,Z250,"8,500 ₪",250,"בעלות נוכחית
פרטית",2017
125,ספורט/כביש,"צבע
שחור",שחור,עודכן היום,2,"קילומטראז'
14000",14000,פרטית,A1,"דרגת רשיון
A1 עד 47 כ""ס","בעלות נוכחית
פרטית",ירושלים,jerusalem,jp,קאוואסאקי,49500,Z900,"49,500 ₪",900,"טסט עד
03/2022",2020
126,ספורט/כביש,"צבע
אפור מטאלי",אפור מטאלי,עודכן היום,2,"קילומטראז'
62000",62000,פרטית,A,"דרגת רשיון
A ללא הגבלה","בעלות נוכחית
פרטית",ראשון לציון,center,jp,קאוואסאקי,29000,RS,"29,000 ₪",1000,"טסט עד
12/2021",1986
129,קסטום,"צבע
ברונזה מטאלי",ברונזה מטאלי,עודכן היום,1,"קילומטראז'
17000",17000,פרטית,A,"דרגת רשיון
A ללא הגבלה","מוכן להחלפה
לא",תל אביב יפו,tel aviv,am,הרלי,115000,דיווידסון אחר,"115,000 ₪",1800,"בעלות נוכחית
פרטית",2019
130,מוטוקרוס,"צבע
כתום",כתום,עודכן היום,3,"קילומטראז'
5550",5550,פרטית,A2,"דרגת רשיון
A2 עד 125 סמ""ק/14 כ""ס","בעלות נוכחית
פרטית",אשקלון,south,eu,ק.ט.מ,42000,250 EXC-F,"42,000 ₪",250,"טסט עד
06/2022",2018
131,דו שימושי,"צבע
לבן שנהב",לבן שנהב,עודכן היום,3,"קילומטראז'
51000",51000,פרטית,A,"דרגת רשיון
A ללא הגבלה","בעלות נוכחית
פרטית",רחובות,center,eu,ק.ט.מ,67000,אדוונצ'ר 1290T,"67,000 ₪",1300,"טסט עד
06/2022",2016
132,ספורט/כביש,"צבע
כחול",כחול,עודכן היום,4,"קילומטראז'
55000",55000,פרטית,A,"דרגת רשיון
A ללא הגבלה","בעלות נוכחית
פרטית",יפיע,north,jp,ימאהה,50000,YZF-R1,"50,000 ₪",1000,"טסט עד
01/2022",2011
133,דו שימושי,"בעלות נוכחית
פרטית",כתום,עודכן היום,2,"קילומטראז'
200",200,פרטית,A1,"צבע
כתום","מוכן להחלפה
לא",כפר אוריה,jerusalem,eu,ק.ט.מ,44000,EXC 250,"44,000 ₪",250,"בעלות קודמת
פרטית",2019
134,ספורט/כביש,"צבע
כתום",כתום,עודכן היום,3,"קילומטראז'
22000",22000,פרטית,A1,"דרגת רשיון
A1 עד 47 כ""ס","בעלות קודמת
פרטית",נהלל,north,eu,ק.ט.מ,19500,דיוק 390,"19,500 ₪",400,"בעלות נוכחית
פרטית",2018
136,דו שימושי,"צבע
שחור",שחור,עודכן היום,5,"קילומטראז'
56000",56000,פרטית,A,"דרגת רשיון
A ללא הגבלה","בעלות נוכחית
פרטית",ראשון לציון,center,jp,קאוואסאקי,33000,Versys 1000,"33,000 ₪",1000,"טסט עד
12/2021",2013
137,דו שימושי,"צבע
אדום",אדום,עודכן היום,3,"קילומטראז'
4800",4800,פרטית,A1,"דרגת רשיון
A1 עד 47 כ""ס","בעלות נוכחית
פרטית",ראשון לציון,center,eu,הונדה,21000,CRF250L,"21,000 ₪",250,"טסט עד
04/2022",2018
139,דו שימושי,"צבע
כתום",כתום,עודכן היום,4,"קילומטראז'
18",18,פרטית,A2,"דרגת רשיון
A2 עד 125 סמ""ק/14 כ""ס","בעלות נוכחית
פרטית",אשקלון,south,eu,ק.ט.מ,18000,EXC 125,"18,000 ₪",125,"טסט עד
10/2021",2010
140,ספורט/כביש,"צבע
כחול",כחול,עודכן היום,2,"קילומטראז'
10000",10000,פרטית,A2,"דרגת רשיון
A2 עד 125 סמ""ק/14 כ""ס","בעלות קודמת
פרטית",באר שבע,south,jp,ימאהה,19000,MT125,"19,000 ₪",125,"בעלות נוכחית
פרטית",2020
141,ספורט/כביש,"צבע
שחור מטאלי",שחור מטאלי,עודכן היום,1,"קילומטראז'
47000",47000,פרטית,A,"דרגת רשיון
A ללא הגבלה","בעלות נוכחית
פרטית",אבן יהודה,center,jp,קאוואסאקי,50000,Versys 1000,"50,000 ₪",1000,"טסט עד
09/2022",2016
142,ספורט/כביש,"צבע
אדום מטאלי",אדום מטאלי,עודכן היום,1,"קילומטראז'
3550",3550,פרטית,A1,"דרגת רשיון
A1 עד 47 כ""ס","בעלות נוכחית
פרטית",עפולה,north,eu,הונדה,47000,CB500X,"47,000 ₪",500,"טסט עד
04/2022",2021
143,ספורט/כביש,"צבע
שחור",שחור,עודכן היום,2,"קילומטראז'
32000",32000,פרטית,A,"דרגת רשיון
A ללא הגבלה","בעלות קודמת
פרטית",אשקלון,south,jp,ימאהה,65000,MT-10,"65,000 ₪",1000,"בעלות נוכחית
פרטית",2019
144,ספורט/כביש,"טסט עד
07/2022",שחור מטאלי,עודכן היום,10,"קילומטראז'
51000",51000,פרטית,A,"צבע
שחור מטאלי","בעלות קודמת
פרטית",ירושלים,jerusalem,jp,קאוואסאקי,27000,Z800R,"27,000 ₪",800,"בעלות נוכחית
פרטית",2014
145,ספורט/כביש,"טסט עד
07/2022",שחור מטאלי,עודכן היום,10,"קילומטראז'
51000",51000,פרטית,A,"צבע
שחור מטאלי","בעלות קודמת
פרטית",ירושלים,jerusalem,jp,קאוואסאקי,27000,Z800R,"27,000 ₪",800,"בעלות נוכחית
פרטית",2014
146,קסטום,"צבע
ברונזה",ברונזה,עודכן היום,2,"קילומטראז'
32000",32000,פרטית,A1,"דרגת רשיון
A1 עד 47 כ""ס","בעלות נוכחית
פרטית",גדרה,center,other,קיוואי,15000,בלקסטאר 250,"15,000 ₪",250,"טסט עד
11/2021",2014
147,ספורט/כביש,"טסט עד
10/2021",לבן,עודכן היום,4,"קילומטראז'
71000",71000,פרטית,A1,"צבע
לבן","בעלות קודמת
פרטית",תל אביב יפו,tel aviv,eu,הונדה,10500,CBR250R,"10,500 ₪",250,"בעלות נוכחית
פרטית",2013
150,ספורט/כביש,"טסט עד
07/2022",לבן מטאלי,עודכן היום,6,"קילומטראז'
75",75,פרטית,A,"צבע
לבן מטאלי","בעלות קודמת
פרטית",תל אביב יפו,tel aviv,jp,ימאהה,27000,פייזר 8,"27,000 ₪",800,"בעלות נוכחית
פרטית",2014
151,ספורט/כביש,"צבע
שחור מטאלי",שחור מטאלי,עודכן היום,1,"קילומטראז'
1831",1831,פרטית,A2,"דרגת רשיון
A2 עד 125 סמ""ק/14 כ""ס","בעלות נוכחית
פרטית",אשדוד,south,jp,ימאהה,14900,YZF-R125,"14,900 ₪",125,"טסט עד
02/2022",2019
152,ספורט/כביש,"צבע
כחול כהה מטאלי",כחול כהה מטאלי,עודכן היום,2,"קילומטראז'
11000",11000,פרטית,A1,"דרגת רשיון
A1 עד 47 כ""ס","בעלות קודמת
פרטית",כפר סבא,center,jp,ימאהה,28000,MT-03,"28,000 ₪",300,"בעלות נוכחית
פרטית",2020
153,ספורט/כביש,"צבע
שחור",שחור,עודכן היום,1,"קילומטראז'
35000",35000,פרטית,A1,"דרגת רשיון
A1 עד 47 כ""ס","בעלות נוכחית
פרטית",נתניה,center,eu,הונדה,34000,CB500X,"34,000 ₪",500,"טסט עד
02/2022",2017
154,קסטום,"בעלות נוכחית
פרטית",סגול,עודכן היום,5,"קילומטראז'
82000",82000,פרטית,A,"צבע
סגול","מוכן להחלפה
כן",כפר כמא,north,am,הרלי,70000,דיווידסון אלקטרה גלייד 1340,"70,000 ₪",1350,"בעלות קודמת
פרטית",1997
156,ספורט/כביש,"צבע
ירוק מטאלי",ירוק מטאלי,עודכן היום,4,"קילומטראז'
26000",26000,פרטית,A,"דרגת רשיון
A ללא הגבלה","בעלות נוכחית
פרטית",עכו,north,jp,קאוואסאקי,20500,ER-6F,"20,500 ₪",650,"טסט עד
03/2022",2015
157,דו שימושי,"בעלות נוכחית
פרטית",שחור,עודכן היום,3,"קילומטראז'
2500",2500,פרטית,A2,"צבע
שחור","מוכן להחלפה
כן",רמת השרון,center,other,בנלי,13000,TNT125,"13,000 ₪",125,"בעלות קודמת
פרטית",2020
158,ספורט/כביש,"צבע
שחור מטאלי",שחור מטאלי,עודכן היום,5,"קילומטראז'
33000",33000,פרטית,A,"דרגת רשיון
A ללא הגבלה","בעלות נוכחית
פרטית",נתניה,center,jp,קאוואסאקי,47000,Versys 1000,"47,000 ₪",1000,"טסט עד
12/2021",2016
159,ספורט/כביש,"צבע
כחול",כחול,עודכן היום,5,"קילומטראז'
58000",58000,פרטית,A,"דרגת רשיון
A ללא הגבלה","בעלות נוכחית
פרטית",רעננה,center,jp,סוזוקי,65000,GSX-R600,"65,000 ₪",600,"טסט עד
01/2022",2014
160,דו שימושי,"צבע
שחור",שחור,עודכן היום,3,"קילומטראז'
42000",42000,פרטית,A1,"דרגת רשיון
A1 עד 47 כ""ס","בעלות נוכחית
פרטית",קרית שמונה,north,jp,סוזוקי,18000,וי-סטרום 250,"18,000 ₪",250,"טסט עד
01/2022",2018
161,דו שימושי,"צבע
שחור",שחור,עודכן היום,1,"קילומטראז'
3000",3000,פרטית,A2,"דרגת רשיון
A2 עד 125 סמ""ק/14 כ""ס","בעלות נוכחית
פרטית",רמת גן,tel aviv,jp,ימאהה,19000,MT125,"19,000 ₪",125,"טסט עד
11/2021",2020
162,ספורט/כביש,"צבע
צהוב",צהוב,עודכן היום,6,"קילומטראז'
67500",67500,פרטית,A,"דרגת רשיון
A ללא הגבלה","בעלות נוכחית
פרטית",באר שבע,south,eu,הונדה,46000,CBR600RR,"46,000 ₪",600,"טסט עד
06/2022",2012
163,ספורט/כביש,"צבע
שחור",שחור,עודכן היום,1,"קילומטראז'
6000",6000,פרטית,A,"דרגת רשיון
A ללא הגבלה","מוכן להחלפה
לא",חולון,tel aviv,jp,קאוואסאקי,56700,Z900,"56,700 ₪",900,"בעלות נוכחית
פרטית",2021
164,ספורט/כביש,"צבע
שחור מטאלי",שחור מטאלי,עודכן היום,3,"קילומטראז'
29000",29000,פרטית,A,"דרגת רשיון
A ללא הגבלה","בעלות קודמת
פרטית",תל אביב יפו,tel aviv,eu,דוקאטי,50000,היפרמוטארד 821,"50,000 ₪",850,"בעלות נוכחית
פרטית",2016
166,ספורט/כביש,"טסט עד
07/2022",ירוק,עודכן היום,2,"קילומטראז'
34000",34000,פרטית,A,"צבע
ירוק","בעלות קודמת
פרטית",רמת גן,tel aviv,jp,קאוואסאקי,66000,ZX-636R/6R,"66,000 ₪",600,"בעלות נוכחית
פרטית",2019
167,דו שימושי,"צבע
כתום",כתום,עודכן היום,4,"קילומטראז'
219",219,פרטית,A1,"דרגת רשיון
A1 עד 47 כ""ס","בעלות נוכחית
פרטית",אשדוד,south,eu,ק.ט.מ,42000,250 EXC-F,"42,000 ₪",250,"טסט עד
11/2021",2017
168,דו שימושי,"צבע
שחור",שחור,עודכן היום,1,"קילומטראז'
3000",3000,פרטית,A2,"דרגת רשיון
A2 עד 125 סמ""ק/14 כ""ס","בעלות נוכחית
פרטית",רמת גן,tel aviv,eu,אפריליה,19000,RX125,"19,000 ₪",125,"טסט עד
11/2021",2020
170,דו שימושי,"צבע
שחור",שחור,עודכן היום,8,"קילומטראז'
32000",32000,פרטית,A1,"דרגת רשיון
A1 עד 47 כ""ס","בעלות קודמת
פרטית",אשקלון,south,jp,קאוואסאקי,13000,KLX250S,"13,000 ₪",250,"בעלות נוכחית
פרטית",2010
171,ספורט/כביש,"צבע
שחור",שחור,עודכן היום,4,"קילומטראז'
45000",45000,פרטית,A,"דרגת רשיון
A ללא הגבלה","בעלות נוכחית
פרטית",באר שבע,south,eu,הונדה,28500,CB650F,"28,500 ₪",650,"טסט עד
03/2022",2017
172,ספורט/כביש,"צבע
ירוק",ירוק,עודכן היום,2,"קילומטראז'
12000",12000,פרטית,A1,"דרגת רשיון
A1 עד 47 כ""ס","בעלות נוכחית
פרטית",כפר קרע,haifa,jp,קאוואסאקי,28000,נינג'ה 400,"28,000 ₪",400,"טסט עד
06/2022",2019
174,ספורט/כביש,"צבע
שחור",שחור,עודכן היום,4,"קילומטראז'
7500",7500,פרטית,A1,"דרגת רשיון
A1 עד 47 כ""ס","בעלות קודמת
פרטית",אביגדור,south,eu,הונדה,29000,CBR500R,"29,000 ₪",500,"בעלות נוכחית
פרטית",2019
175,קסטום,"צבע
כתום",כתום,עודכן היום,1,"קילומטראז'
20000",20000,פרטית,A1,"דרגת רשיון
A1 עד 47 כ""ס","בעלות נוכחית
פרטית",תל אביב יפו,tel aviv,eu,דוקאטי,37000,סקרמבל קלאסיק,"37,000 ₪",400,"טסט עד
09/2021",2016
177,ספורט/כביש,"צבע
כחול",כחול,עודכן היום,1,"קילומטראז'
11000",11000,פרטית,A1,"דרגת רשיון
A1 עד 47 כ""ס","בעלות נוכחית
פרטית",נתניה,center,other,CF,25841,MOTO 400NK,"25,841 ₪",400,"טסט עד
04/2022",2021
178,ספורט/כביש,"צבע
ירוק מטאלי",ירוק מטאלי,עודכן היום,3,"קילומטראז'
18000",18000,פרטית,A1,"דרגת רשיון
A1 עד 47 כ""ס","בעלות קודמת
פרטית",נהריה,north,jp,קאוואסאקי,45500,Z900,"45,500 ₪",900,"בעלות נוכחית
פרטית",2019
179,ספורט/כביש,"צבע
לבן שנהב",לבן שנהב,עודכן היום,1,"קילומטראז'
47000",47000,פרטית,A,"דרגת רשיון
A ללא הגבלה","בעלות נוכחית
פרטית",ראשון לציון,center,jp,קאוואסאקי,28500,Versys 650,"28,500 ₪",650,"טסט עד
05/2022",2015
181,מוטוקרוס,"צבע
אדום מטאלי",אדום מטאלי,עודכן היום,2,"קילומטראז'
100",100,פרטית,A2,"דרגת רשיון
A2 עד 125 סמ""ק/14 כ""ס","בעלות קודמת
פרטית",דברת,north,eu,ק.ט.מ,8000,SX 85,"8,000 ₪",125,"בעלות נוכחית
פרטית",2019
183,דו שימושי,"צבע
לבן שנהב",לבן שנהב,עודכן היום,2,"קילומטראז'
135",135,פרטית,A1,"דרגת רשיון
A1 עד 47 כ""ס","בעלות נוכחית
פרטית",קיסריה,haifa,eu,הוסקוורנה,42900,TE250,"42,900 ₪",250,"טסט עד
02/2022",2018
184,דו שימושי,"צבע
צהוב מטאלי",צהוב מטאלי,עודכן היום,5,"קילומטראז'
155500",155500,פרטית,A,"דרגת רשיון
A ללא הגבלה","בעלות נוכחית
פרטית",נתניה,center,eu,הונדה,16100,טרנסאלפ 700,"16,100 ₪",700,"טסט עד
05/2022",2009
187,ספורט/כביש,"צבע
שחור מטאלי",שחור מטאלי,עודכן היום,2,"קילומטראז'
14000",14000,פרטית,A1,"דרגת רשיון
A1 עד 47 כ""ס","בעלות נוכחית
פרטית",רחובות,center,eu,הונדה,50000,CB650R,"50,000 ₪",650,"טסט עד
09/2022",2020
188,קסטום,"צבע
כסוף",כסוף,עודכן היום,2,"קילומטראז'
30000",30000,פרטית,A,"דרגת רשיון
A ללא הגבלה","בעלות נוכחית
פרטית",תל אביב יפו,tel aviv,am,הרלי,110000,דיווידסון דיינה לוו-ריידר 1585,"110,000 ₪",1500,"טסט עד
09/2021",2017
189,דו שימושי,"צבע
צהוב",צהוב,עודכן היום,2,"קילומטראז'
34000",34000,פרטית,A,"דרגת רשיון
A ללא הגבלה","בעלות נוכחית
פרטית",אשדוד,south,jp,סוזוקי,42000,DL650A וי-סטרום,"42,000 ₪",650,"טסט עד
08/2022",2018
191,ספורט/כביש,"צבע
שחור מטאלי",שחור מטאלי,עודכן היום,3,"קילומטראז'
17800",17800,פרטית,A,"דרגת רשיון
A ללא הגבלה","בעלות נוכחית
פרטית",כפר מנדא,north,jp,ימאהה,51000,MT 09,"51,000 ₪",900,"טסט עד
02/2022",2019
192,דו שימושי,"צבע
שחור מטאלי",שחור מטאלי,עודכן היום,1,"קילומטראז'
2500",2500,פרטית,A1,"דרגת רשיון
A1 עד 47 כ""ס","בעלות נוכחית
פרטית",בת ים,tel aviv,jp,סוזוקי,27500,וי-סטרום 250,"27,500 ₪",250,"טסט עד
05/2022",2021
193,מוטוקרוס,"צבע
אדום",אדום,עודכן היום,1,"קילומטראז'
8",8,פרטית,A1,"דרגת רשיון
A1 עד 47 כ""ס","בעלות נוכחית
פרטית",חיפה,haifa,eu,גאס-גאס,55000,EC250,"55,000 ₪",250,"טסט עד
08/2022",2021
194,ספורט/כביש,"צבע
כחול מטאלי",כחול מטאלי,עודכן היום,4,"קילומטראז'
34000",34000,פרטית,A,"דרגת רשיון
A ללא הגבלה","בעלות נוכחית
פרטית",ירושלים,jerusalem,jp,ימאהה,47900,MT 09,"47,900 ₪",900,"טסט עד
06/2022",2018
195,דו שימושי,"צבע
כחול",כחול,עודכן היום,1,"קילומטראז'
35000",35000,פרטית,A,"דרגת רשיון
A ללא הגבלה","מוכן להחלפה
לא",כרמיאל,north,eu,הונדה,39000,NC750X,"39,000 ₪",750,"בעלות נוכחית
פרטית",2017
196,דו שימושי,"טסט עד
11/2021",צהוב,עודכן היום,1,"קילומטראז'
8000",8000,פרטית,A,"צבע
צהוב","מוכן להחלפה
לא",ראשון לציון,center,jp,סוזוקי,92000,DL1000 וי-סטרום,"92,000 ₪",1000,"בעלות נוכחית
פרטית",2020
197,קסטום,"צבע
זהב מטאלי",זהב מטאלי,עודכן היום,1,"קילומטראז'
80000",80000,פרטית,A,"דרגת רשיון
A ללא הגבלה","בעלות נוכחית
פרטית",כרמיאל,north,eu,הונדה,39000,GL1800 גולד-ווינג,"39,000 ₪",1500,"טסט עד
04/2022",1988
198,קסטום,"צבע
ברונזה",ברונזה,עודכן היום,1,"קילומטראז'
5000",5000,פרטית,A,"דרגת רשיון
A ללא הגבלה","בעלות נוכחית
פרטית",תל אביב יפו,tel aviv,am,הרלי,55000,דיווידסון ספורטסטר 883,"55,000 ₪",880,"טסט עד
08/2021",2019
199,ספורט/כביש,"צבע
שחור",שחור,עודכן היום,1,"קילומטראז'
1626",1626,פרטית,A1,"דרגת רשיון
A1 עד 47 כ""ס","בעלות נוכחית
פרטית",יסוד המעלה,north,other,אחר,40000,כללי,"40,000 ₪",500,"טסט עד
10/2021",2020
200,ספורט/כביש,"צבע
לבן פנינה",לבן פנינה,עודכן היום,2,"קילומטראז'
31000",31000,פרטית,A,"דרגת רשיון
A ללא הגבלה","בעלות נוכחית
פרטית",פתח תקווה,center,eu,MV,38000,Agusta Brutal 675,"38,000 ₪",700,"טסט עד
10/2021",2016
201,דו שימושי,"צבע
לבן פנינה",לבן פנינה,עודכן היום,4,"קילומטראז'
135000",135000,פרטית,A,"דרגת רשיון
A ללא הגבלה","בעלות נוכחית
פרטית",פתח תקווה,center,eu,ב.מ.וו,18500,G650GS,"18,500 ₪",650,"טסט עד
08/2022",2011
202,ספורט/כביש,"צבע
שחור",שחור,עודכן היום,2,"קילומטראז'
17000",17000,פרטית,A,"דרגת רשיון
A ללא הגבלה","בעלות נוכחית
פרטית",לכיש,south,jp,קאוואסאקי,30000,נינג'ה 650,"30,000 ₪",650,"טסט עד
08/2022",2019
203,דו שימושי,"בעלות נוכחית
פרטית",כחול,עודכן היום,4,"קילומטראז'
76000",76000,פרטית,A,"צבע
כחול","מוכן להחלפה
לא",אורנית,yosh,eu,ק.ט.מ,55000,אדוונצ'ר 990 ABS דקאר,"55,000 ₪",1000,"בעלות קודמת
פרטית",2011
206,דו שימושי,"צבע
ירוק",ירוק,עודכן היום,2,"קילומטראז'
26000",26000,פרטית,A2,"דרגת רשיון
A2 עד 125 סמ""ק/14 כ""ס","בעלות נוכחית
פרטית",רמלה,center,other,קימקו,8000,קוואנון 125,"8,000 ₪",125,"טסט עד
03/2022",2020
207,ספורט/כביש,"צבע
שחור",שחור,עודכן היום,6,"קילומטראז'
25000",25000,פרטית,A,"דרגת רשיון
A ללא הגבלה","בעלות נוכחית
פרטית",שדרות,south,jp,ימאהה,46000,MT-10,"46,000 ₪",1000,"טסט עד
02/2022",2017
208,דו שימושי,"צבע
שחור מטאלי",שחור מטאלי,עודכן היום,1,"קילומטראז'
16000",16000,פרטית,A,"דרגת רשיון
A ללא הגבלה","בעלות נוכחית
פרטית",הוד השרון,center,jp,קאוואסאקי,85000,Versys 1000,"85,000 ₪",1000,"טסט עד
07/2022",2020
209,ספורט/כביש,"צבע
כחול כהה מטאלי",כחול כהה מטאלי,עודכן היום,2,"קילומטראז'
6400",6400,פרטית,A,"דרגת רשיון
A ללא הגבלה","בעלות נוכחית
פרטית",ארז,south,jp,ימאהה,82900,MT-10,"82,900 ₪",1000,"טסט עד
08/2022",2020
210,קסטום,"צבע
שחור",שחור,עודכן היום,1,"קילומטראז'
3000",3000,פרטית,A1,"דרגת רשיון
A1 עד 47 כ""ס","בעלות נוכחית
פרטית",חיפה,haifa,eu,הונדה,42000,CMX 500 רבל,"42,000 ₪",500,"טסט עד
08/2022",2020
211,ספורט/כביש,"צבע
שחור",שחור,עודכן היום,1,"קילומטראז'
5500",5500,פרטית,A,"דרגת רשיון
A ללא הגבלה","בעלות נוכחית
פרטית",גדרה,center,jp,קאוואסאקי,40000,Versys 650,"40,000 ₪",650,"טסט עד
11/2021",2020
213,דו שימושי,"צבע
שחור",שחור,עודכן היום,2,"קילומטראז'
2500",2500,פרטית,A1,"דרגת רשיון
A1 עד 47 כ""ס","בעלות קודמת
פרטית",רמת גן,tel aviv,jp,קאוואסאקי,28500,Versys-X 300,"28,500 ₪",300,"בעלות נוכחית
פרטית",2020
214,ספורט/כביש,"צבע
שחור",שחור,עודכן היום,3,"קילומטראז'
32000",32000,פרטית,A,"דרגת רשיון
A ללא הגבלה","בעלות נוכחית
פרטית",מוקייבלה,north,eu,הונדה,48000,CBR650R,"48,000 ₪",650,"טסט עד
03/2022",2019
216,דו שימושי,"צבע
אדום מטאלי",אדום מטאלי,עודכן היום,2,"קילומטראז'
20000",20000,פרטית,A1,"דרגת רשיון
A1 עד 47 כ""ס","בעלות נוכחית
פרטית",גבעתיים,tel aviv,other,בנלי,29000,LEONCINO500,"29,000 ₪",500,"טסט עד
07/2022",2018
217,ספורט/כביש,"צבע
כחול",כחול,עודכן היום,1,"קילומטראז'
7000",7000,פרטית,A,"דרגת רשיון
A ללא הגבלה","בעלות נוכחית
פרטית",תל אביב יפו,tel aviv,jp,ימאהה,106000,YZF-R1,"106,000 ₪",1000,"טסט עד
04/2022",2019
219,קסטום,"צבע
שחור",שחור,עודכן היום,3,"קילומטראז'
39000",39000,פרטית,A,"דרגת רשיון
A ללא הגבלה","בעלות נוכחית
פרטית",ירושלים,jerusalem,jp,ימאהה,27000,XVS 950,"27,000 ₪",1000,"טסט עד
02/2022",2015
220,ספורט/כביש,"צבע
שחור",שחור,עודכן היום,3,"קילומטראז'
28500",28500,פרטית,A,"דרגת רשיון
A ללא הגבלה","בעלות נוכחית
פרטית",פתח תקווה,center,jp,סוזוקי,28000,SV650A,"28,000 ₪",650,"טסט עד
05/2022",2018
222,ספורט/כביש,"צבע
שחור מטאלי",שחור מטאלי,עודכן היום,3,"קילומטראז'
62000",62000,פרטית,A,"דרגת רשיון
A ללא הגבלה","בעלות נוכחית
פרטית",באר שבע,south,jp,קאוואסאקי,53000,ZX-6R,"53,000 ₪",600,"טסט עד
09/2022",2015
223,דו שימושי,"צבע
לבן",לבן,עודכן היום,7,"קילומטראז'
6",6,פרטית,A2,"דרגת רשיון
A2 עד 125 סמ""ק/14 כ""ס","בעלות קודמת
חברה",חולון,tel aviv,eu,הוסקוורנה,38000,TE125,"38,000 ₪",125,"בעלות נוכחית
פרטית",2015
224,דו שימושי,"צבע
ירוק מטאלי",ירוק מטאלי,03/09/2021,1,"קילומטראז'
19000",19000,פרטית,A,"דרגת רשיון
A ללא הגבלה","בעלות נוכחית
פרטית",חבר,north,eu,ב.מ.וו,145000,R1250GS אדוונצר,"145,000 ₪",1250,"טסט עד
05/2022",2020
225,דו שימושי,"טסט עד
05/2022",לבן מטאלי,03/09/2021,1,"קילומטראז'
6500",6500,פרטית,A1,"צבע
לבן מטאלי","מוכן להחלפה
לא",כרמיאל,north,eu,הונדה,44550,CB500X,"44,550 ₪",500,"בעלות נוכחית
פרטית",2021
229,מוטוקרוס,"בעלות נוכחית
פרטית",לבן,03/09/2021,2,"קילומטראז'
102",102,פרטית,A2,"צבע
לבן","מוכן להחלפה
לא",עין ורד,center,eu,הוסקוורנה,26500,TE125,"26,500 ₪",125,"בעלות קודמת
פרטית",2018
231,ספורט/כביש,"צבע
שחור",שחור,03/09/2021,7,"קילומטראז'
54000",54000,פרטית,A1,"דרגת רשיון
A1 עד 47 כ""ס","בעלות נוכחית
פרטית",תל אביב יפו,tel aviv,eu,ק.ט.מ,10000,דיוק 690R,"10,000 ₪",700,"טסט עד
04/2022",2012
233,ספורט/כביש,"צבע
כחול כהה מטאלי",כחול כהה מטאלי,03/09/2021,8,"קילומטראז'
114450",114450,פרטית,A,"דרגת רשיון
A ללא הגבלה","בעלות נוכחית
פרטית",תל אביב יפו,tel aviv,jp,ימאהה,15499,פייזר 600,"15,499 ₪",600,"טסט עד
12/2022",2002
235,ספורט/כביש,"צבע
כתום",כתום,03/09/2021,3,"קילומטראז'
30000",30000,פרטית,A1,"דרגת רשיון
A1 עד 47 כ""ס","בעלות נוכחית
פרטית",חיפה,haifa,eu,ק.ט.מ,16000,דיוק 390,"16,000 ₪",400,"טסט עד
05/2022",2019
236,דו שימושי,"צבע
לבן",לבן,03/09/2021,2,"קילומטראז'
19990",19990,פרטית,A,"דרגת רשיון
A ללא הגבלה","בעלות נוכחית
פרטית",בת ים,tel aviv,eu,ב.מ.וו,83000,F-850GS,"83,000 ₪",850,"טסט עד
06/2022",2019
237,ספורט/כביש,"צבע
לבן",לבן,03/09/2021,3,"קילומטראז'
49000",49000,פרטית,A1,"דרגת רשיון
A1 עד 47 כ""ס","בעלות נוכחית
פרטית",כפר כמא,north,other,קימקו,11000,אחר,"11,000 ₪",250,"טסט עד
03/2022",2017
238,ספורט/כביש,"צבע
שחור",שחור,03/09/2021,2,"קילומטראז'
17000",17000,פרטית,A,"דרגת רשיון
A ללא הגבלה","בעלות נוכחית
פרטית",הרצליה,center,jp,ימאהה,60000,MT 09,"60,000 ₪",900,"טסט עד
07/2022",2019
239,ספורט/כביש,"צבע
שחור",שחור,03/09/2021,2,"קילומטראז'
7000",7000,פרטית,A2,"דרגת רשיון
A2 עד 125 סמ""ק/14 כ""ס","בעלות קודמת
פרטית",רמת גן,tel aviv,eu,הונדה,8000,MSX125,"8,000 ₪",125,"בעלות נוכחית
פרטית",2016
240,דו שימושי,"צבע
כחול",כחול,03/09/2021,2,"קילומטראז'
6000",6000,פרטית,A1,"דרגת רשיון
A1 עד 47 כ""ס","בעלות נוכחית
פרטית",ספסופה,north,jp,ימאהה,37000,WR400/426/450F,"37,000 ₪",500,"טסט עד
11/2021",2018
241,קסטום,"צבע
אפור מטאלי",אפור מטאלי,03/09/2021,3,"קילומטראז'
29000",29000,פרטית,A1,"דרגת רשיון
A1 עד 47 כ""ס","בעלות נוכחית
פרטית",תל אביב יפו,tel aviv,eu,הונדה,29700,CMX 500 רבל,"29,700 ₪",500,"טסט עד
12/2021",2017
242,ספורט/כביש,"צבע
לבן",לבן,03/09/2021,3,"קילומטראז'
28000",28000,פרטית,A1,"דרגת רשיון
A1 עד 47 כ""ס","בעלות נוכחית
פרטית",נתניה,center,eu,ק.ט.מ,26000,דיוק 690,"26,000 ₪",700,"טסט עד
06/2022",2017
243,דו שימושי,"צבע
אפור עכבר",אפור עכבר,03/09/2021,5,"קילומטראז'
158000",158000,פרטית,A,"דרגת רשיון
A ללא הגבלה","בעלות נוכחית
פרטית",פתח תקווה,center,eu,הונדה,11900,טרנסאלפ 650,"11,900 ₪",650,"טסט עד
12/2021",2006
244,ספורט/כביש,"צבע
אדום מטאלי",אדום מטאלי,03/09/2021,2,"קילומטראז'
11500",11500,פרטית,A,"דרגת רשיון
A ללא הגבלה","בעלות קודמת
פרטית",ראשון לציון,center,jp,סוזוקי,53000,GSXS750,"53,000 ₪",750,"בעלות נוכחית
פרטית",2020
245,דו שימושי,"צבע
לבן פנינה",לבן פנינה,03/09/2021,4,"קילומטראז'
41000",41000,פרטית,A,"דרגת רשיון
A ללא הגבלה","בעלות נוכחית
פרטית",עפולה,north,eu,ק.ט.מ,75000,אדוונצ'ר 1290T,"75,000 ₪",1250,"טסט עד
05/2022",2017
246,דו שימושי,"צבע
כחול מטאלי",כחול מטאלי,03/09/2021,2,"קילומטראז'
58000",58000,פרטית,A,"דרגת רשיון
A ללא הגבלה","בעלות נוכחית
פרטית",תל אביב יפו,tel aviv,eu,ב.מ.וו,118000,R1200GS,"118,000 ₪",1200,"טסט עד
11/2021",2018
248,ספורט/כביש,"צבע
שחור מטאלי",שחור מטאלי,03/09/2021,2,"קילומטראז'
39000",39000,פרטית,A1,"דרגת רשיון
A1 עד 47 כ""ס","בעלות נוכחית
פרטית",זרזיר,north,other,סאן,15500,יאנג קרוזים 250ABS,"15,500 ₪",300,"טסט עד
03/2022",2018
249,דו שימושי,"צבע
כסוף",כסוף,03/09/2021,2,"קילומטראז'
94000",94000,פרטית,A1,"דרגת רשיון
A1 עד 47 כ""ס","בעלות נוכחית
פרטית",ראשון לציון,center,jp,ימאהה,25000,XT660Z טנרה,"25,000 ₪",700,"טסט עד
07/2022",2017
250,ספורט/כביש,"צבע
אפור",אפור,03/09/2021,3,"קילומטראז'
18000",18000,פרטית,A,"דרגת רשיון
A ללא הגבלה","בעלות נוכחית
פרטית",ראש העין,center,jp,ימאהה,53000,MT-10,"53,000 ₪",1000,"טסט עד
06/2022",2016
251,ספורט/כביש,"צבע
ירוק",ירוק,03/09/2021,4,"קילומטראז'
49000",49000,פרטית,A1,"דרגת רשיון
A1 עד 47 כ""ס","בעלות נוכחית
פרטית",ירושלים,jerusalem,jp,קאוואסאקי,13000,נינג'ה 250R,"13,000 ₪",250,"טסט עד
03/2022",2012
252,ספורט/כביש,"צבע
שחור מטאלי",שחור מטאלי,03/09/2021,2,"קילומטראז'
36000",36000,פרטית,A1,"דרגת רשיון
A1 עד 47 כ""ס","בעלות נוכחית
פרטית",עפולה,north,jp,קאוואסאקי,16000,Z300,"16,000 ₪",300,"טסט עד
06/2022",2017
254,דו שימושי,"צבע
לבן",לבן,03/09/2021,2,"קילומטראז'
36000",36000,פרטית,A,"דרגת רשיון
A ללא הגבלה","בעלות נוכחית
פרטית",רעננה,center,jp,סוזוקי,39000,DL650 וי-סטרום,"39,000 ₪",650,"טסט עד
02/2022",2018
255,ספורט/כביש,"צבע
שחור מטאלי",שחור מטאלי,03/09/2021,8,"קילומטראז'
63000",63000,פרטית,A,"דרגת רשיון
A ללא הגבלה","בעלות נוכחית
פרטית",שלומי,north,jp,קאוואסאקי,31000,ZX-12R,"31,000 ₪",1200,"טסט עד
04/2022",2003
256,קסטום,"צבע
שחור",שחור,03/09/2021,2,"קילומטראז'
35000",35000,פרטית,A1,"דרגת רשיון
A1 עד 47 כ""ס","בעלות נוכחית
פרטית",תל אביב יפו,tel aviv,eu,הונדה,35000,CMX 500 רבל,"35,000 ₪",500,"טסט עד
07/2022",2019
257,ספורט/כביש,"צבע
שחור",שחור,03/09/2021,1,"קילומטראז'
7800",7800,פרטית,A1,"דרגת רשיון
A1 עד 47 כ""ס","בעלות נוכחית
פרטית",רמלה,center,jp,סוזוקי,21500,GSX- R250,"21,500 ₪",250,"טסט עד
01/2022",2019
258,דו שימושי,"צבע
שחור מטאלי",שחור מטאלי,03/09/2021,3,"קילומטראז'
147000",147000,פרטית,A,"דרגת רשיון
A ללא הגבלה","בעלות נוכחית
פרטית",מבשרת ציון,jerusalem,jp,סוזוקי,12000,DL650 וי-סטרום,"12,000 ₪",650,"טסט עד
10/2022",2005
260,דו שימושי,"צבע
כסוף",כסוף,03/09/2021,3,"קילומטראז'
170000",170000,פרטית,A,"דרגת רשיון
A ללא הגבלה","בעלות נוכחית
פרטית",ירושלים,jerusalem,eu,ב.מ.וו,27500,F800GS,"27,500 ₪",800,"טסט עד
06/2022",2009
262,דו שימושי,"צבע
אדום",אדום,03/09/2021,3,"קילומטראז'
16300",16300,פרטית,A1,"דרגת רשיון
A1 עד 47 כ""ס","בעלות נוכחית
פרטית",כפר כמא,north,eu,הונדה,18500,CRF250L,"18,500 ₪",250,"טסט עד
01/2022",2017
263,ספורט/כביש,"צבע
כתום",כתום,03/09/2021,3,"קילומטראז'
24000",24000,פרטית,A1,"דרגת רשיון
A1 עד 47 כ""ס","בעלות נוכחית
פרטית",נתניה,center,eu,ק.ט.מ,8000,דיוק 200,"8,000 ₪",200,"טסט עד
06/2022",2017
264,דו שימושי,"צבע
כחול",כחול,03/09/2021,4,"קילומטראז'
20500",20500,פרטית,A1,"דרגת רשיון
A1 עד 47 כ""ס","בעלות נוכחית
פרטית",תל מונד,center,jp,ימאהה,10000,XT350,"10,000 ₪",350,"טסט עד
10/2021",1998
265,קסטום,"צבע
שחור מטאלי",שחור מטאלי,03/09/2021,2,"קילומטראז'
74000",74000,פרטית,A,"דרגת רשיון
A ללא הגבלה","בעלות קודמת
פרטית",הרצליה,center,am,הרלי,42000,דיווידסון ספורטסטר 883,"42,000 ₪",900,"בעלות נוכחית
פרטית",2005
266,ספורט/כביש,"צבע
צהוב מטאלי",צהוב מטאלי,03/09/2021,1,"קילומטראז'
35000",35000,פרטית,A,"דרגת רשיון
A ללא הגבלה","בעלות נוכחית
פרטית",הרצליה,center,eu,הונדה,27000,CB650F,"27,000 ₪",650,"טסט עד
05/2022",2016
267,דו שימושי,"צבע
אדום",אדום,03/09/2021,1,"קילומטראז'
1680",1680,פרטית,A1,"דרגת רשיון
A1 עד 47 כ""ס","בעלות נוכחית
פרטית",חיפה,haifa,eu,הונדה,48500,CB500X,"48,500 ₪",500,"טסט עד
01/2023",2021
271,דו שימושי,"צבע
כתום",כתום,03/09/2021,3,"קילומטראז'
330",330,פרטית,A1,"דרגת רשיון
A1 עד 47 כ""ס","בעלות נוכחית
פרטית",רכסים,haifa,eu,ק.ט.מ,32000,EXC-F 350,"32,000 ₪",350,"טסט עד
10/2021",2015
272,ספורט/כביש,"צבע
ירוק בהיר",ירוק בהיר,03/09/2021,1,"קילומטראז'
14300",14300,פרטית,A1,"דרגת רשיון
A1 עד 47 כ""ס","בעלות נוכחית
פרטית",נתניה,center,jp,קאוואסאקי,28000,נינג'ה 400,"28,000 ₪",400,"טסט עד
05/2022",2018
273,דו שימושי,"צבע
כחול",כחול,03/09/2021,3,"קילומטראז'
33500",33500,פרטית,A1,"דרגת רשיון
A1 עד 47 כ""ס","בעלות נוכחית
פרטית",חדרה,haifa,eu,הונדה,7500,CBF250,"7,500 ₪",250,"טסט עד
05/2022",2006
274,דו שימושי,"צבע
כתום",כתום,03/09/2021,3,"קילומטראז'
140",140,פרטית,A1,"דרגת רשיון
A1 עד 47 כ""ס","בעלות נוכחית
פרטית",הרצליה,center,eu,ק.ט.מ,39000,EXC-F 350,"39,000 ₪",350,"טסט עד
10/2021",2017
275,דו שימושי,"טסט עד
12/2021",כחול כהה מטאלי,03/09/2021,6,"קילומטראז'
96000",96000,פרטית,A1,"צבע
כחול כהה מטאלי","בעלות קודמת
פרטית",באר שבע,south,jp,קאוואסאקי,13000,KLE500,"13,000 ₪",500,"בעלות נוכחית
פרטית",2007
276,ספורט/כביש,"צבע
אפור עכבר",אפור עכבר,03/09/2021,3,"קילומטראז'
42000",42000,פרטית,A,"דרגת רשיון
A ללא הגבלה","בעלות נוכחית
פרטית",ראש העין,center,jp,ימאהה,50000,MT 09 TRACER,"50,000 ₪",900,"טסט עד
06/2022",2018
277,דו שימושי,"טסט עד
05/2022",כתום,03/09/2021,4,"קילומטראז'
60500",60500,פרטית,A,"צבע
כתום","בעלות קודמת
פרטית",ירושלים,jerusalem,jp,סוזוקי,27000,DL650 וי-סטרום,"27,000 ₪",650,"בעלות נוכחית
פרטית",2013
280,ספורט/כביש,"צבע
שחור",שחור,03/09/2021,1,"קילומטראז'
4500",4500,פרטית,A,"דרגת רשיון
A ללא הגבלה","בעלות נוכחית
פרטית",תל אביב יפו,tel aviv,eu,דוקאטי,56000,סקרמבלר קפה רייסר,"56,000 ₪",800,"טסט עד
09/2021",2017
281,דו שימושי,"צבע
שחור מטאלי",שחור מטאלי,03/09/2021,2,"קילומטראז'
27000",27000,פרטית,A,"דרגת רשיון
A ללא הגבלה","בעלות קודמת
פרטית",בית שמש,jerusalem,am,הרלי,170000,דיווידסון אחר,"170,000 ₪",1800,"בעלות נוכחית
פרטית",2018
282,ספורט/כביש,"צבע
אפור",אפור,03/09/2021,9,"קילומטראז'
151000",151000,פרטית,A,"דרגת רשיון
A ללא הגבלה","בעלות נוכחית
פרטית",נהורה,south,jp,קאוואסאקי,27000,ZZR1400,"27,000 ₪",1400,"טסט עד
08/2022",2006
283,ספורט/כביש,"צבע
ירוק בהיר",ירוק בהיר,03/09/2021,5,"קילומטראז'
18157",18157,פרטית,A1,"דרגת רשיון
A1 עד 47 כ""ס","בעלות נוכחית
פרטית",נתיבות,south,jp,קאוואסאקי,13000,נינג'ה 250R,"13,000 ₪",250,"טסט עד
09/2021",2017
284,דו שימושי,"צבע
אדום",אדום,03/09/2021,7,"קילומטראז'
27000",27000,פרטית,A1,"דרגת רשיון
A1 עד 47 כ""ס","בעלות נוכחית
פרטית",קצרין,north,eu,הונדה,18500,CRF250 RALLY,"18,500 ₪",250,"טסט עד
04/2022",2017
285,קסטום,"צבע
שחור מטאלי",שחור מטאלי,03/09/2021,3,"קילומטראז'
3500",3500,פרטית,A,"דרגת רשיון
A ללא הגבלה","בעלות נוכחית
פרטית",הרצליה,center,am,אינדיאן,89000,Scout Bobber,"89,000 ₪",1200,"טסט עד
08/2022",2020
286,ספורט/כביש,"צבע
לבן מטאלי",לבן מטאלי,03/09/2021,3,"קילומטראז'
25000",25000,פרטית,A,"דרגת רשיון
A ללא הגבלה","בעלות נוכחית
פרטית",ירושלים,jerusalem,eu,הונדה,126000,אחר,"126,000 ₪",1100,"טסט עד
09/2022",2016
287,דו שימושי,"צבע
כחול בהיר מטאלי",כחול בהיר מטאלי,03/09/2021,2,"קילומטראז'
2000",2000,פרטית,A,"דרגת רשיון
A ללא הגבלה","בעלות נוכחית
פרטית",יבנה,center,other,CF,28900,MOTO 650MT,"28,900 ₪",650,"טסט עד
03/2022",2020
289,ספורט/כביש,"צבע
כחול מטאלי",כחול מטאלי,03/09/2021,2,"קילומטראז'
5000",5000,פרטית,A,"דרגת רשיון
A ללא הגבלה","בעלות נוכחית
פרטית",חיפה,haifa,jp,ימאהה,112000,YZF-R1,"112,000 ₪",1000,"טסט עד
11/2021",2019
290,דו שימושי,"צבע
אפור מטאלי",אפור מטאלי,03/09/2021,2,"קילומטראז'
69000",69000,פרטית,A1,"דרגת רשיון
A1 עד 47 כ""ס","בעלות נוכחית
פרטית",ראש פינה,north,jp,ימאהה,25000,XT660Z טנרה,"25,000 ₪",650,"טסט עד
07/2022",2017
291,דו שימושי,"טסט עד
08/2022",לבן,03/09/2021,3,"קילומטראז'
209",209,פרטית,A1,"צבע
לבן","בעלות קודמת
פרטית",תל אביב יפו,tel aviv,eu,הוסקוורנה,33000,TE250,"33,000 ₪",250,"בעלות נוכחית
פרטית",2016
292,ספורט/כביש,"צבע
שחור",שחור,03/09/2021,2,"קילומטראז'
45000",45000,פרטית,A,"דרגת רשיון
A ללא הגבלה","בעלות נוכחית
פרטית",חיפה,haifa,jp,ימאהה,39000,MT-07 TRACER,"39,000 ₪",700,"טסט עד
12/2021",2018
294,ספורט/כביש,"צבע
שחור מטאלי",שחור מטאלי,03/09/2021,5,"קילומטראז'
195000",195000,פרטית,A,"דרגת רשיון
A ללא הגבלה","בעלות נוכחית
פרטית",תל אביב יפו,tel aviv,jp,קאוואסאקי,25000,GTR1400,"25,000 ₪",1400,"טסט עד
12/2022",2008
295,ספורט/כביש,"צבע
לבן",לבן,03/09/2021,1,"קילומטראז'
4300",4300,פרטית,A,"דרגת רשיון
A ללא הגבלה","בעלות נוכחית
פרטית",רחובות,center,eu,דוקאטי,53000,מונסטר 797,"53,000 ₪",800,"טסט עד
10/2021",2020
296,קסטום,"צבע
שחור",שחור,03/09/2021,2,"קילומטראז'
13500",13500,פרטית,A,"דרגת רשיון
A ללא הגבלה","בעלות נוכחית
פרטית",רחובות,center,jp,קאוואסאקי,39000,Vulcan S,"39,000 ₪",650,"טסט עד
04/2022",2019
297,מוטוקרוס,"בעלות נוכחית
פרטית",כחול,03/09/2021,2,"קילומטראז'
245",245,פרטית,A1,"צבע
כחול","מוכן להחלפה
לא",רמת גן,tel aviv,jp,ימאהה,24000,YZF250,"24,000 ₪",250,"בעלות קודמת
פרטית",2017
298,דו שימושי,"צבע
שחור",שחור,03/09/2021,7,"קילומטראז'
27500",27500,פרטית,A1,"דרגת רשיון
A1 עד 47 כ""ס","בעלות נוכחית
פרטית",ירושלים,jerusalem,eu,הונדה,12250,CRF250L,"12,250 ₪",250,"טסט עד
02/2022",2013
300,ספורט/כביש,"צבע
ירוק",ירוק,03/09/2021,2,"קילומטראז'
30000",30000,פרטית,A1,"דרגת רשיון
A1 עד 47 כ""ס","בעלות נוכחית
פרטית",ירושלים,jerusalem,jp,קאוואסאקי,21000,נינג'ה 300,"21,000 ₪",300,"טסט עד
11/2021",2016
301,קסטום,"צבע
שחור",שחור,03/09/2021,4,"קילומטראז'
30080",30080,פרטית,A,"דרגת רשיון
A ללא הגבלה","בעלות נוכחית
פרטית",גן יבנה,center,jp,גולדן,30000,מוטורסיק CHOPPER,"30,000 ₪",1100,"טסט עד
02/2022",1982
302,דו שימושי,"צבע
שחור מטאלי",שחור מטאלי,03/09/2021,3,"קילומטראז'
119000",119000,פרטית,A,"דרגת רשיון
A ללא הגבלה","בעלות נוכחית
פרטית",אריאל,yosh,eu,הונדה,21000,טרנסאלפ 700,"21,000 ₪",700,"טסט עד
12/2021",2011
303,ספורט/כביש,"צבע
שחור מטאלי",שחור מטאלי,03/09/2021,2,"קילומטראז'
28000",28000,פרטית,A,"דרגת רשיון
A ללא הגבלה","בעלות נוכחית
פרטית",תל אביב יפו,tel aviv,jp,ימאהה,31000,MT 07,"31,000 ₪",700,"טסט עד
09/2022",2015
304,ספורט/כביש,"צבע
לבן",לבן,03/09/2021,3,"קילומטראז'
32000",32000,פרטית,A,"דרגת רשיון
A ללא הגבלה","בעלות נוכחית
פרטית",שדרות,south,eu,ב.מ.וו,112000,S1000RR,"112,000 ₪",1000,"טסט עד
02/2022",2016
305,ספורט/כביש,"צבע
לבן",לבן,03/09/2021,1,"קילומטראז'
5650",5650,פרטית,A2,"דרגת רשיון
A2 עד 125 סמ""ק/14 כ""ס","בעלות נוכחית
פרטית",אור יהודה,center,eu,ק.ט.מ,17000,דיוק 125,"17,000 ₪",125,"טסט עד
08/2022",2019
306,ספורט/כביש,"צבע
שחור",שחור,03/09/2021,5,"קילומטראז'
49650",49650,פרטית,A,"דרגת רשיון
A ללא הגבלה","בעלות נוכחית
פרטית",אילת,south,jp,קאוואסאקי,12500,ER-6F,"12,500 ₪",650,"טסט עד
03/2022",2010
307,מוטוקרוס,"בעלות נוכחית
פרטית",אדום מטאלי,03/09/2021,3,"קילומטראז'
1",1,פרטית,A1,"צבע
אדום מטאלי","מוכן להחלפה
לא",נתיבות,south,eu,הונדה,18500,CRF250R,"18,500 ₪",250,"בעלות קודמת
פרטית",2014
308,דו שימושי,"צבע
כסוף",כסוף,03/09/2021,1,"קילומטראז'
11000",11000,פרטית,A1,"דרגת רשיון
A1 עד 47 כ""ס","בעלות נוכחית
פרטית",נווה ירק,center,eu,הונדה,33000,CB500X,"33,000 ₪",500,"טסט עד
09/2022",2018
310,ספורט/כביש,"צבע
שחור",שחור,03/09/2021,3,"קילומטראז'
7512",7512,פרטית,A2,"דרגת רשיון
A2 עד 125 סמ""ק/14 כ""ס","בעלות קודמת
פרטית",תל אביב יפו,tel aviv,other,קימקו,3500,אחר,"3,500 ₪",125,"בעלות נוכחית
פרטית",2015
312,ספורט/כביש,"צבע
שחור",שחור,03/09/2021,3,"קילומטראז'
11954",11954,פרטית,A1,"דרגת רשיון
A1 עד 47 כ""ס","בעלות קודמת
פרטית",חיפה,haifa,jp,סוזוקי,17349,GSX- R250,"17,349 ₪",250,"בעלות נוכחית
פרטית",2018
313,דו שימושי,"טסט עד
06/2023",לבן,03/09/2021,4,"קילומטראז'
60000",60000,פרטית,A2,"צבע
לבן","בעלות קודמת
פרטית",תל אביב יפו,tel aviv,other,סאן,6000,יאנג ג'וי מקס ספורט 125,"6,000 ₪",125,"בעלות נוכחית
פרטית",2015
314,דו שימושי,"טסט עד
03/2022",אדום,03/09/2021,1,"קילומטראז'
80",80,פרטית,A1,"צבע
אדום","מוכן להחלפה
לא",הוד השרון,center,eu,בטא,45000,RR300,"45,000 ₪",300,"בעלות נוכחית
פרטית",2020
315,מוטוקרוס,"צבע
אדום",אדום,03/09/2021,2,"קילומטראז'
80",80,פרטית,A1,"דרגת רשיון
A1 עד 47 כ""ס","בעלות קודמת
פרטית",נהורה,south,eu,הונדה,27000,CRF450R,"27,000 ₪",450,"בעלות נוכחית
פרטית",2018
316,קסטום,"צבע
כסוף מטאלי",כסוף מטאלי,03/09/2021,10,"קילומטראז'
99000",99000,פרטית,A,"דרגת רשיון
A ללא הגבלה","בעלות נוכחית
פרטית",נתיבות,south,jp,סוזוקי,32000,אינטרודר 750,"32,000 ₪",800,"טסט עד
01/2022",1994
317,דו שימושי,"צבע
שחור מטאלי",שחור מטאלי,03/09/2021,2,"קילומטראז'
70000",70000,פרטית,A,"דרגת רשיון
A ללא הגבלה","בעלות נוכחית
פרטית",תל אביב יפו,tel aviv,eu,ב.מ.וו,50000,F800GS,"50,000 ₪",800,"טסט עד
06/2022",2016
318,מוטוקרוס,"צבע
כתום",כתום,03/09/2021,5,"קילומטראז'
400",400,פרטית,A2,"דרגת רשיון
A2 עד 125 סמ""ק/14 כ""ס","בעלות נוכחית
פרטית",כרמיאל,north,eu,ק.ט.מ,19000,EXC 125,"19,000 ₪",125,"טסט עד
04/2022",2010
321,ספורט/כביש,"צבע
כחול כהה מטאלי",כחול כהה מטאלי,03/09/2021,1,"קילומטראז'
6500",6500,פרטית,A1,"דרגת רשיון
A1 עד 47 כ""ס","בעלות נוכחית
פרטית",נתניה,center,jp,ימאהה,30500,MT-03,"30,500 ₪",300,"טסט עד
08/2022",2020
322,ספורט/כביש,"צבע
שחור",שחור,03/09/2021,3,"קילומטראז'
36000",36000,פרטית,A2,"דרגת רשיון
A2 עד 125 סמ""ק/14 כ""ס","בעלות קודמת
פרטית",ראש העין,center,other,סאן,5900,יאנג ג'וי מקס ספורט 125,"5,900 ₪",125,"בעלות נוכחית
פרטית",2011
323,ספורט/כביש,"צבע
לבן פנינה",לבן פנינה,03/09/2021,4,"קילומטראז'
49000",49000,פרטית,A,"דרגת רשיון
A ללא הגבלה","בעלות נוכחית
פרטית",כרמיאל,north,eu,הונדה,23600,CB650F,"23,600 ₪",650,"טסט עד
01/2022",2015
324,דו שימושי,"צבע
לבן מטאלי",לבן מטאלי,03/09/2021,1,"קילומטראז'
28000",28000,פרטית,A,"דרגת רשיון
A ללא הגבלה","בעלות נוכחית
פרטית",רעננה,center,eu,הונדה,105000,אפריקה טווין CRF1100L,"105,000 ₪",1100,"טסט עד
02/2022",2020
325,ספורט/כביש,"צבע
לבן",לבן,03/09/2021,3,"קילומטראז'
120000",120000,פרטית,A,"דרגת רשיון
A ללא הגבלה","בעלות נוכחית
פרטית",הרצליה,center,eu,הונדה,15000,CBR650F,"15,000 ₪",650,"טסט עד
12/2021",2014
326,דו שימושי,"צבע
לבן פנינה",לבן פנינה,03/09/2021,1,"קילומטראז'
11000",11000,פרטית,A1,"דרגת רשיון
A1 עד 47 כ""ס","בעלות נוכחית
פרטית",עכו,north,eu,הונדה,39000,CB500X,"39,000 ₪",500,"טסט עד
09/2022",2020
327,ספורט/כביש,"צבע
שחור מטאלי",שחור מטאלי,03/09/2021,1,"קילומטראז'
19000",19000,פרטית,A2,"דרגת רשיון
A2 עד 125 סמ""ק/14 כ""ס","בעלות נוכחית
פרטית",רעננה,center,jp,ימאהה,19000,YZF-R125,"19,000 ₪",125,"טסט עד
12/2021",2019
328,ספורט/כביש,"צבע
כחול",כחול,03/09/2021,3,"קילומטראז'
43000",43000,פרטית,A1,"דרגת רשיון
A1 עד 47 כ""ס","בעלות נוכחית
פרטית",תל אביב יפו,tel aviv,jp,ימאהה,29000,MT 07,"29,000 ₪",700,"טסט עד
05/2022",2016
330,ספורט/כביש,"טסט עד
04/2022",כחול כהה מטאלי,03/09/2021,1,"קילומטראז'
120",120,פרטית,A,"צבע
כחול כהה מטאלי","מוכן להחלפה
לא",חיפה,haifa,jp,ימאהה,80000,MT-10,"80,000 ₪",1000,"בעלות נוכחית
פרטית",2021
331,ספורט/כביש,"טסט עד
06/2022",שחור,03/09/2021,3,"קילומטראז'
44152",44152,פרטית,A1,"צבע
שחור","בעלות קודמת
פרטית",קיסריה,haifa,jp,ימאהה,17000,YZF-R3,"17,000 ₪",300,"בעלות נוכחית
פרטית",2015
332,דו שימושי,"צבע
לבן",לבן,03/09/2021,3,"קילומטראז'
216",216,פרטית,A2,"דרגת רשיון
A2 עד 125 סמ""ק/14 כ""ס","בעלות נוכחית
פרטית",אליכין,center,eu,הוסקוורנה,41000,TE250,"41,000 ₪",250,"טסט עד
11/2021",2018
333,ספורט/כביש,"צבע
שחור",שחור,03/09/2021,9,"קילומטראז'
19000",19000,פרטית,A1,"דרגת רשיון
A1 עד 47 כ""ס","בעלות נוכחית
פרטית",דימונה,south,eu,ק.ט.מ,9500,RC200,"9,500 ₪",200,"טסט עד
02/2022",2017
335,דו שימושי,"צבע
כתום",כתום,03/09/2021,2,"קילומטראז'
63",63,פרטית,A1,"דרגת רשיון
A1 עד 47 כ""ס","בעלות נוכחית
פרטית",נהלל,north,eu,ק.ט.מ,58000,EXC 250,"58,000 ₪",250,"טסט עד
10/2021",2021
336,דו שימושי,"צבע
לבן",לבן,03/09/2021,2,"קילומטראז'
215000",215000,פרטית,A,"דרגת רשיון
A ללא הגבלה","בעלות נוכחית
פרטית",בית שמש,jerusalem,jp,ימאהה,18500,XT1200Z סופר טנרה,"18,500 ₪",1200,"טסט עד
06/2022",2013
339,ספורט/כביש,"צבע
שחור מטאלי",שחור מטאלי,03/09/2021,3,"קילומטראז'
95000",95000,פרטית,A,"דרגת רשיון
A ללא הגבלה","בעלות נוכחית
פרטית",יפעת,north,eu,ב.מ.וו,92000,R1200GS,"92,000 ₪",1200,"טסט עד
05/2022",2017
340,ספורט/כביש,"צבע
אפור מטאלי",אפור מטאלי,03/09/2021,5,"קילומטראז'
34500",34500,פרטית,A,"דרגת רשיון
A ללא הגבלה","בעלות נוכחית
פרטית",ירושלים,jerusalem,jp,ימאהה,34000,MT 09,"34,000 ₪",900,"טסט עד
07/2022",2017
344,דו שימושי,"צבע
כתום",כתום,03/09/2021,2,"קילומטראז'
8500",8500,פרטית,A1,"דרגת רשיון
A1 עד 47 כ""ס","בעלות נוכחית
פרטית",מגדל העמק,north,eu,ק.ט.מ,33000,EXC 250,"33,000 ₪",250,"טסט עד
10/2021",2018
345,דו שימושי,"צבע
לבן",לבן,03/09/2021,2,"קילומטראז'
55",55,פרטית,A1,"דרגת רשיון
A1 עד 47 כ""ס","בעלות קודמת
פרטית",אריאל,yosh,eu,ק.ט.מ,49000,EXC 250,"49,000 ₪",250,"בעלות נוכחית
פרטית",2019
346,דו שימושי,"צבע
אדום מטאלי",אדום מטאלי,03/09/2021,6,"קילומטראז'
75000",75000,פרטית,A,"דרגת רשיון
A ללא הגבלה","בעלות נוכחית
פרטית",אשדוד,south,eu,הונדה,19500,NC700X,"19,500 ₪",700,"טסט עד
11/2021",2012
347,דו שימושי,"צבע
כתום",כתום,03/09/2021,2,"קילומטראז'
130",130,פרטית,A1,"דרגת רשיון
A1 עד 47 כ""ס","בעלות נוכחית
פרטית",רמת גן,tel aviv,eu,ק.ט.מ,42000,EXC-F 350,"42,000 ₪",350,"טסט עד
12/2021",2016
348,דו שימושי,"טסט עד
02/2022",צהוב,03/09/2021,3,"קילומטראז'
28000",28000,פרטית,A1,"צבע
צהוב","בעלות קודמת
פרטית",רמלה,center,jp,סוזוקי,20000,DRZ400S,"20,000 ₪",400,"בעלות נוכחית
פרטית",2016
349,ספורט/כביש,"צבע
שחור מטאלי",שחור מטאלי,03/09/2021,3,"קילומטראז'
27644",27644,פרטית,A1,"דרגת רשיון
A1 עד 47 כ""ס","בעלות נוכחית
פרטית",אשקלון,south,jp,קאוואסאקי,13500,Z250,"13,500 ₪",250,"טסט עד
07/2022",2016
350,ספורט/כביש,"צבע
לבן",לבן,03/09/2021,2,"קילומטראז'
16000",16000,פרטית,A2,"דרגת רשיון
A2 עד 125 סמ""ק/14 כ""ס","בעלות נוכחית
פרטית",עפולה,north,eu,ק.ט.מ,13000,דיוק 125,"13,000 ₪",125,"טסט עד
07/2022",2019
352,ספורט/כביש,"צבע
שחור",שחור,03/09/2021,3,"קילומטראז'
53600",53600,פרטית,A1,"דרגת רשיון
A1 עד 47 כ""ס","בעלות נוכחית
פרטית",תדהר,south,eu,הונדה,26500,CBR500R,"26,500 ₪",500,"טסט עד
08/2022",2016
353,דו שימושי,"צבע
אפור",אפור,03/09/2021,2,"קילומטראז'
54000",54000,פרטית,A,"דרגת רשיון
A ללא הגבלה","בעלות נוכחית
פרטית",חיפה,haifa,jp,סוזוקי,31500,DL650GT וי-סטרום,"31,500 ₪",650,"טסט עד
10/2021",2015
354,קסטום,"צבע
שחור",שחור,03/09/2021,1,"קילומטראז'
35000",35000,פרטית,A,"דרגת רשיון
A ללא הגבלה","בעלות נוכחית
פרטית",זכרון יעקב,haifa,am,הרלי,79900,דיווידסון סופטייל דלוקס 1450,"79,900 ₪",1450,"טסט עד
04/2022",2005
356,ספורט/כביש,"צבע
לבן",לבן,03/09/2021,1,"קילומטראז'
6500",6500,פרטית,A1,"דרגת רשיון
A1 עד 47 כ""ס","מוכן להחלפה
כן",ירושלים,jerusalem,eu,ק.ט.מ,53999,SMC690,"53,999 ₪",700,"בעלות נוכחית
פרטית",2020
357,ספורט/כביש,"צבע
שחור",שחור,03/09/2021,1,"קילומטראז'
30000",30000,פרטית,A,"דרגת רשיון
A ללא הגבלה","בעלות נוכחית
פרטית",ראש העין,center,eu,ב.מ.וו,75500,S1000R,"75,500 ₪",1000,"טסט עד
04/2022",2019
359,דו שימושי,"צבע
כתום",כתום,03/09/2021,1,"קילומטראז'
97",97,פרטית,A1,"דרגת רשיון
A1 עד 47 כ""ס","בעלות נוכחית
פרטית",מגאר,north,eu,ק.ט.מ,54000,EXC 250,"54,000 ₪",250,"טסט עד
01/2022",2021
360,ספורט/כביש,"צבע
שחור",שחור,03/09/2021,1,"קילומטראז'
23000",23000,פרטית,A1,"דרגת רשיון
A1 עד 47 כ""ס","מוכן להחלפה
לא",תל אביב יפו,tel aviv,jp,ימאהה,41500,MT 07,"41,500 ₪",700,"בעלות נוכחית
פרטית",2019
361,ספורט/כביש,"צבע
לבן",לבן,03/09/2021,4,"קילומטראז'
57000",57000,פרטית,A,"דרגת רשיון
A ללא הגבלה","בעלות נוכחית
פרטית",קרית טבעון,haifa,jp,ימאהה,27000,FZ8,"27,000 ₪",800,"טסט עד
08/2022",2008
364,דו שימושי,"צבע
לבן פנינה",לבן פנינה,03/09/2021,7,"קילומטראז'
91000",91000,פרטית,A,"דרגת רשיון
A ללא הגבלה","בעלות נוכחית
פרטית",אבן יהודה,center,jp,סוזוקי,21500,DL650 וי-סטרום,"21,500 ₪",650,"טסט עד
05/2022",2012
365,דו שימושי,"צבע
שחור מטאלי",שחור מטאלי,03/09/2021,3,"קילומטראז'
84000",84000,פרטית,A,"דרגת רשיון
A ללא הגבלה","בעלות נוכחית
פרטית",רינתיה,center,jp,ימאהה,47000,XT1200Z סופר טנרה,"47,000 ₪",1200,"טסט עד
10/2022",2015
366,דו שימושי,"טסט עד
05/2022",אפור עכבר,03/09/2021,2,"קילומטראז'
223000",223000,פרטית,A,"צבע
אפור עכבר","בעלות קודמת
ממשלתי",עין דור,north,eu,ב.מ.וו,52000,R1200GS,"52,000 ₪",1200,"בעלות נוכחית
פרטית",2011
368,קסטום,"צבע
לבן פנינה",לבן פנינה,03/09/2021,1,"קילומטראז'
9000",9000,פרטית,A1,"דרגת רשיון
A1 עד 47 כ""ס","בעלות נוכחית
פרטית",אשדוד,south,jp,קאוואסאקי,56000,VN900 קלאסיק,"56,000 ₪",900,"טסט עד
01/2022",2017
369,דו שימושי,"צבע
שחור",שחור,03/09/2021,2,"קילומטראז'
2000",2000,פרטית,A1,"דרגת רשיון
A1 עד 47 כ""ס","בעלות נוכחית
פרטית",ירושלים,jerusalem,jp,סוזוקי,26000,וי-סטרום 250,"26,000 ₪",250,"טסט עד
08/2022",2020
371,דו שימושי,"צבע
שמפניה",שמפניה,03/09/2021,2,"קילומטראז'
5000",5000,פרטית,A1,"דרגת רשיון
A1 עד 47 כ""ס","בעלות נוכחית
פרטית",רעננה,center,eu,הוסקוורנה,38250,TE250,"38,250 ₪",250,"טסט עד
11/2021",2018
373,ספורט/כביש,"צבע
אדום",אדום,03/09/2021,4,"קילומטראז'
40000",40000,פרטית,A1,"דרגת רשיון
A1 עד 47 כ""ס","בעלות קודמת
פרטית",רמת גן,tel aviv,eu,הונדה,25000,CB500F,"25,000 ₪",500,"בעלות נוכחית
פרטית",2017
374,דו שימושי,"טסט עד
01/2022",שחור,03/09/2021,1,"קילומטראז'
7500",7500,פרטית,A,"צבע
שחור","מוכן להחלפה
לא",ראש העין,center,eu,הונדה,58900,NC750X,"58,900 ₪",750,"בעלות נוכחית
פרטית",2021
375,ספורט/כביש,"צבע
שחור",שחור,03/09/2021,2,"קילומטראז'
47000",47000,פרטית,A,"דרגת רשיון
A ללא הגבלה","בעלות קודמת
פרטית",תל אביב יפו,tel aviv,jp,קאוואסאקי,55000,Z1000SX,"55,000 ₪",1000,"בעלות נוכחית
פרטית",2018
376,ספורט/כביש,"צבע
שחור",שחור,03/09/2021,2,"קילומטראז'
15000",15000,פרטית,A1,"דרגת רשיון
A1 עד 47 כ""ס","בעלות נוכחית
פרטית",רחובות,center,jp,ימאהה,39000,MT 07,"39,000 ₪",700,"טסט עד
03/2022",2019
377,קסטום,"צבע
שחור מטאלי",שחור מטאלי,03/09/2021,4,"קילומטראז'
82700",82700,פרטית,A,"דרגת רשיון
A ללא הגבלה","בעלות נוכחית
פרטית",עומר,south,eu,הונדה,79000,VTX1800C,"79,000 ₪",1800,"טסט עד
03/2022",2007
378,קסטום,"צבע
שחור מטאלי",שחור מטאלי,03/09/2021,1,"קילומטראז'
35000",35000,פרטית,A1,"דרגת רשיון
A1 עד 47 כ""ס","בעלות נוכחית
פרטית",פתח תקווה,center,eu,הונדה,28000,CMX 500 רבל,"28,000 ₪",500,"טסט עד
04/2022",2017
379,ספורט/כביש,"צבע
כתום",כתום,03/09/2021,2,"קילומטראז'
13000",13000,פרטית,A1,"דרגת רשיון
A1 עד 47 כ""ס","בעלות נוכחית
פרטית",נען,center,eu,ק.ט.מ,21500,RC390,"21,500 ₪",400,"טסט עד
02/2022",2018
380,ספורט/כביש,"צבע
לבן",לבן,03/09/2021,2,"קילומטראז'
61000",61000,פרטית,A,"דרגת רשיון
A ללא הגבלה","בעלות נוכחית
פרטית",חולון,tel aviv,jp,סוזוקי,22000,GSR750,"22,000 ₪",750,"טסט עד
02/2022",2012
381,דו שימושי,"צבע
ירוק בהיר",ירוק בהיר,03/09/2021,3,"קילומטראז'
3500",3500,פרטית,A1,"דרגת רשיון
A1 עד 47 כ""ס","בעלות נוכחית
פרטית",חיפה,haifa,jp,קאוואסאקי,24000,KX,"24,000 ₪",250,"טסט עד
05/2022",2016
382,ספורט/כביש,"צבע
שחור",שחור,03/09/2021,4,"קילומטראז'
32000",32000,פרטית,A1,"דרגת רשיון
A1 עד 47 כ""ס","בעלות נוכחית
פרטית",מגדל העמק,north,jp,קאוואסאקי,21000,נינג'ה 400,"21,000 ₪",400,"טסט עד
03/2022",2019
383,דו שימושי,"צבע
אפור עכבר",אפור עכבר,03/09/2021,2,"קילומטראז'
86232",86232,פרטית,A,"דרגת רשיון
A ללא הגבלה","בעלות נוכחית
פרטית",ישעי,jerusalem,eu,ב.מ.וו,32000,F700GS,"32,000 ₪",800,"טסט עד
12/2021",2014
384,ספורט/כביש,"צבע
אפור",אפור,03/09/2021,2,"קילומטראז'
75000",75000,פרטית,A,"דרגת רשיון
A ללא הגבלה","בעלות נוכחית
פרטית",כפר סבא,center,jp,ימאהה,32000,MT 09,"32,000 ₪",900,"טסט עד
05/2022",2016
385,דו שימושי,"צבע
שחור",שחור,03/09/2021,3,"קילומטראז'
74000",74000,פרטית,A1,"דרגת רשיון
A1 עד 47 כ""ס","בעלות קודמת
פרטית",נתניה,center,eu,דוקאטי,20000,היפרמוטרד 796 מט,"20,000 ₪",800,"בעלות נוכחית
פרטית",2010
386,ספורט/כביש,"צבע
שחור",שחור,03/09/2021,2,"קילומטראז'
13000",13000,פרטית,A,"דרגת רשיון
A ללא הגבלה","בעלות נוכחית
פרטית",רעננה,center,eu,דוקאטי,123000,דיאבל X,"123,000 ₪",1250,"טסט עד
04/2022",2018
387,ספורט/כביש,"צבע
ירוק בהיר",ירוק בהיר,03/09/2021,2,"קילומטראז'
36000",36000,פרטית,A2,"דרגת רשיון
A2 עד 125 סמ""ק/14 כ""ס","בעלות קודמת
פרטית",ביריה,north,jp,קאוואסאקי,9000,נינג'ה 250R,"9,000 ₪",250,"בעלות נוכחית
פרטית",2016
388,ספורט/כביש,"צבע
אפור",אפור,03/09/2021,4,"קילומטראז'
62000",62000,פרטית,A,"דרגת רשיון
A ללא הגבלה","בעלות נוכחית
פרטית",בת ים,tel aviv,jp,ימאהה,23000,MT 07,"23,000 ₪",700,"טסט עד
04/2022",2015
390,דו שימושי,"צבע
כחול כהה",כחול כהה,03/09/2021,3,"קילומטראז'
21500",21500,פרטית,A1,"דרגת רשיון
A1 עד 47 כ""ס","בעלות נוכחית
פרטית",חולון,tel aviv,jp,ימאהה,21500,WR250R,"21,500 ₪",250,"טסט עד
02/2022",2017
391,דו שימושי,"צבע
אפור",אפור,03/09/2021,1,"קילומטראז'
4700",4700,פרטית,A1,"דרגת רשיון
A1 עד 47 כ""ס","בעלות נוכחית
פרטית",רעננה,center,other,בנלי,39000,TRK502X,"39,000 ₪",500,"טסט עד
08/2022",2020
392,ספורט/כביש,"צבע
לבן",לבן,03/09/2021,3,"קילומטראז'
26200",26200,פרטית,A1,"דרגת רשיון
A1 עד 47 כ""ס","בעלות נוכחית
פרטית",רמת גן,tel aviv,eu,ק.ט.מ,23000,דיוק 690R,"23,000 ₪",700,"טסט עד
04/2022",2017
393,דו שימושי,"טסט עד
07/2022",כתום,03/09/2021,2,"קילומטראז'
135",135,פרטית,A1,"צבע
כתום","בעלות קודמת
פרטית",ירושלים,jerusalem,eu,ק.ט.מ,35000,EXC 450 רייסינג,"35,000 ₪",450,"בעלות נוכחית
פרטית",2016
394,קסטום,"צבע
שחור",שחור,03/09/2021,5,"קילומטראז'
35000",35000,פרטית,A,"דרגת רשיון
A ללא הגבלה","בעלות נוכחית
פרטית",תל אביב יפו,tel aviv,am,הרלי,47000,דיווידסון ספורטסטר 1200C,"47,000 ₪",1200,"טסט עד
02/2022",2007
395,ספורט/כביש,"צבע
שחור",שחור,03/09/2021,2,"קילומטראז'
29000",29000,פרטית,A,"דרגת רשיון
A ללא הגבלה","בעלות קודמת
פרטית",גבעת שמואל,center,jp,קאוואסאקי,24000,Z650 abs,"24,000 ₪",650,"בעלות נוכחית
פרטית",2018
396,ספורט/כביש,"צבע
אפור מטאלי",אפור מטאלי,03/09/2021,1,"קילומטראז'
12000",12000,פרטית,A,"דרגת רשיון
A ללא הגבלה","בעלות נוכחית
פרטית",דימונה,south,jp,סוזוקי,34000,SV650A,"34,000 ₪",650,"טסט עד
12/2021",2019
397,ספורט/כביש,"טסט עד
10/2022",כתום,03/09/2021,5,"קילומטראז'
36000",36000,פרטית,A1,"צבע
כתום","בעלות קודמת
פרטית",חדרה,haifa,eu,ק.ט.מ,14500,דיוק 390,"14,500 ₪",400,"בעלות נוכחית
פרטית",2017
398,דו שימושי,"צבע
לבן",לבן,03/09/2021,3,"קילומטראז'
6800",6800,פרטית,A1,"דרגת רשיון
A1 עד 47 כ""ס","בעלות נוכחית
פרטית",גבעתיים,tel aviv,eu,AJP,19000,PR5 250 LC,"19,000 ₪",250,"טסט עד
09/2022",2014
399,דו שימושי,"צבע
בורדו מטאלי",בורדו מטאלי,03/09/2021,2,"קילומטראז'
9000",9000,פרטית,A1,"דרגת רשיון
A1 עד 47 כ""ס","בעלות נוכחית
פרטית",רמת גן,tel aviv,jp,סוזוקי,46000,DL650 וי-סטרום,"46,000 ₪",650,"טסט עד
07/2022",2019
400,דו שימושי,"צבע
כחול כהה מטאלי",כחול כהה מטאלי,03/09/2021,2,"קילומטראז'
23000",23000,פרטית,A1,"דרגת רשיון
A1 עד 47 כ""ס","בעלות נוכחית
פרטית",תל אביב יפו,tel aviv,jp,ימאהה,56000,טנרה 700,"56,000 ₪",700,"טסט עד
03/2022",2020
401,דו שימושי,"צבע
שחור מטאלי",שחור מטאלי,03/09/2021,2,"קילומטראז'
54000",54000,פרטית,A,"דרגת רשיון
A ללא הגבלה","בעלות נוכחית
פרטית",יבנה,center,eu,הונדה,39500,NC750X,"39,500 ₪",750,"טסט עד
10/2021",2017
402,ספורט/כביש,"צבע
שחור",שחור,03/09/2021,10,"קילומטראז'
80000",80000,פרטית,A,"דרגת רשיון
A ללא הגבלה","בעלות נוכחית
פרטית",ירושלים,jerusalem,jp,קאוואסאקי,14000,ER-6N,"14,000 ₪",650,"טסט עד
01/2022",2011
403,ספורט/כביש,"טסט עד
05/2022",כחול כהה מטאלי,03/09/2021,3,"קילומטראז'
70000",70000,פרטית,A,"צבע
כחול כהה מטאלי","בעלות קודמת
פרטית",יבנה,center,eu,הונדה,25000,אחר,"25,000 ₪",1100,"בעלות נוכחית
פרטית",1981
404,ספורט/כביש,"צבע
שחור",שחור,03/09/2021,4,"קילומטראז'
25000",25000,פרטית,A,"דרגת רשיון
A ללא הגבלה","בעלות נוכחית
פרטית",ירושלים,jerusalem,jp,קאוואסאקי,40000,Z900,"40,000 ₪",900,"טסט עד
09/2022",2018
407,דו שימושי,"צבע
אפור",אפור,03/09/2021,1,"קילומטראז'
31000",31000,פרטית,A1,"דרגת רשיון
A1 עד 47 כ""ס","בעלות נוכחית
פרטית",תל אביב יפו,tel aviv,other,בנלי,35000,TRK 502,"35,000 ₪",500,"טסט עד
08/2022",2019
408,ספורט/כביש,"צבע
לבן פנינה",לבן פנינה,03/09/2021,3,"קילומטראז'
75000",75000,פרטית,A,"דרגת רשיון
A ללא הגבלה","בעלות נוכחית
פרטית",חיפה,haifa,jp,סוזוקי,28000,DL650 וי-סטרום,"28,000 ₪",650,"טסט עד
08/2022",2015
409,דו שימושי,"טסט עד
12/2021",שחור מטאלי,03/09/2021,2,"קילומטראז'
4000",4000,פרטית,A1,"צבע
שחור מטאלי","בעלות קודמת
פרטית",שדה צבי,south,jp,קאוואסאקי,19000,KLX250R,"19,000 ₪",250,"בעלות נוכחית
פרטית",2019
410,קסטום,"צבע
כחול בהיר מטאלי",כחול בהיר מטאלי,03/09/2021,2,"קילומטראז'
20000",20000,פרטית,A,"דרגת רשיון
A ללא הגבלה","בעלות נוכחית
פרטית",רמת גן,tel aviv,jp,סוזוקי,32000,אחר,"32,000 ₪",850,"טסט עד
09/2022",1993
412,מוטוקרוס,"בעלות נוכחית
פרטית",אדום מטאלי,03/09/2021,2,"קילומטראז'
10",10,פרטית,A1,"צבע
אדום מטאלי","מוכן להחלפה
לא",בת ים,tel aviv,other,BSE,11000,PH10L 150,"11,000 ₪",150,"בעלות קודמת
פרטית",2018
413,דו שימושי,"צבע
אפור מטאלי",אפור מטאלי,03/09/2021,3,"קילומטראז'
64373",64373,פרטית,A,"דרגת רשיון
A ללא הגבלה","בעלות נוכחית
פרטית",הרצליה,center,eu,הונדה,113000,GL1800 גולד-ווינג,"113,000 ₪",1800,"טסט עד
02/2022",2009
416,דו שימושי,"צבע
כסוף",כסוף,03/09/2021,1,"קילומטראז'
39000",39000,פרטית,A,"דרגת רשיון
A ללא הגבלה","בעלות נוכחית
פרטית",בת ים,tel aviv,jp,ימאהה,48000,MT 09,"48,000 ₪",900,"טסט עד
12/2021",2018
417,ספורט/כביש,"צבע
אדום",אדום,03/09/2021,8,"קילומטראז'
71000",71000,פרטית,A,"דרגת רשיון
A ללא הגבלה","בעלות נוכחית
פרטית",תל אביב יפו,tel aviv,jp,ימאהה,22500,FZ8,"22,500 ₪",800,"טסט עד
04/2022",2012
420,דו שימושי,"צבע
שחור",שחור,03/09/2021,2,"קילומטראז'
10000",10000,פרטית,A1,"דרגת רשיון
A1 עד 47 כ""ס","בעלות נוכחית
פרטית",דימונה,south,jp,ימאהה,58000,טנרה 700,"58,000 ₪",700,"טסט עד
01/2022",2020
421,דו שימושי,"טסט עד
01/2022",אדום,03/09/2021,3,"קילומטראז'
3000",3000,פרטית,A1,"צבע
אדום","בעלות קודמת
פרטית",נס ציונה,center,eu,הונדה,34000,CRF450X,"34,000 ₪",450,"בעלות נוכחית
פרטית",2017
422,דו שימושי,"צבע
שחור",שחור,03/09/2021,1,"קילומטראז'
16500",16500,פרטית,A1,"דרגת רשיון
A1 עד 47 כ""ס","בעלות נוכחית
פרטית",נס ציונה,center,eu,הונדה,39000,CB500X,"39,000 ₪",500,"טסט עד
02/2022",2020
423,דו שימושי,"צבע
שחור",שחור,03/09/2021,2,"קילומטראז'
31000",31000,פרטית,A,"דרגת רשיון
A ללא הגבלה","בעלות נוכחית
פרטית",חדרה,haifa,jp,סוזוקי,33000,DL650 וי-סטרום,"33,000 ₪",650,"טסט עד
09/2021",2017
424,ספורט/כביש,"צבע
שחור",שחור,03/09/2021,4,"קילומטראז'
28000",28000,פרטית,A1,"דרגת רשיון
A1 עד 47 כ""ס","בעלות נוכחית
פרטית",נורדיה,center,other,יוסאנג,23000,GT650R קומט,"23,000 ₪",650,"טסט עד
01/2022",2015
426,ספורט/כביש,"צבע
שחור מטאלי",שחור מטאלי,03/09/2021,1,"קילומטראז'
150",150,פרטית,A2,"דרגת רשיון
A2 עד 125 סמ""ק/14 כ""ס","בעלות נוכחית
פרטית",חולון,tel aviv,jp,ימאהה,22500,YZF-R125,"22,500 ₪",125,"טסט עד
08/2022",2021
427,ספורט/כביש,"צבע
ירוק",ירוק,03/09/2021,3,"קילומטראז'
17850",17850,פרטית,A1,"דרגת רשיון
A1 עד 47 כ""ס","בעלות נוכחית
פרטית",שדרות,south,jp,קאוואסאקי,29200,נינג'ה 400,"29,200 ₪",400,"טסט עד
03/2022",2019
430,ספורט/כביש,"צבע
כחול כהה מטאלי",כחול כהה מטאלי,03/09/2021,5,"קילומטראז'
57000",57000,פרטית,A1,"דרגת רשיון
A1 עד 47 כ""ס","בעלות נוכחית
פרטית",נהריה,north,jp,קאוואסאקי,10000,ER-5,"10,000 ₪",500,"טסט עד
09/2021",2006
431,קסטום,"צבע
כחול",כחול,03/09/2021,10,"קילומטראז'
100000",100000,פרטית,A,"דרגת רשיון
A ללא הגבלה","בעלות קודמת
לימוד נהיגה",רעננה,center,eu,טריומף,30000,אחר,"30,000 ₪",500,"בעלות נוכחית
פרטית",1971
432,ספורט/כביש,"בעלות נוכחית
פרטית",שחור,03/09/2021,7,"קילומטראז'
52000",52000,פרטית,A,"צבע
שחור","מוכן להחלפה
כן",ירושלים,jerusalem,jp,סוזוקי,15000,SV650S,"15,000 ₪",650,"בעלות קודמת
פרטית",2009
433,ספורט/כביש,"צבע
שחור מטאלי",שחור מטאלי,03/09/2021,2,"קילומטראז'
8000",8000,פרטית,A,"דרגת רשיון
A ללא הגבלה","בעלות נוכחית
פרטית",רמת גן,tel aviv,jp,סוזוקי,53000,GSXS750,"53,000 ₪",750,"טסט עד
11/2022",2020
436,ספורט/כביש,"צבע
שחור",שחור,03/09/2021,2,"קילומטראז'
37000",37000,פרטית,A,"דרגת רשיון
A ללא הגבלה","בעלות נוכחית
פרטית",נתניה,center,jp,סוזוקי,28000,SV650A,"28,000 ₪",650,"טסט עד
01/2022",2018
438,דו שימושי,"צבע
אדום",אדום,03/09/2021,2,"קילומטראז'
4100",4100,פרטית,A1,"דרגת רשיון
A1 עד 47 כ""ס","בעלות נוכחית
פרטית",תל אביב יפו,tel aviv,eu,הונדה,31000,CRF250L,"31,000 ₪",250,"טסט עד
07/2022",2020
439,ספורט/כביש,"צבע
ירוק",ירוק,03/09/2021,2,"קילומטראז'
23000",23000,פרטית,A,"דרגת רשיון
A ללא הגבלה","בעלות נוכחית
פרטית",נצרת,north,jp,קאוואסאקי,62000,ZX-636R/6R,"62,000 ₪",600,"טסט עד
05/2022",2019
441,ספורט/כביש,"צבע
אפור מטאלי",אפור מטאלי,02/09/2021,6,"קילומטראז'
37000",37000,פרטית,A1,"דרגת רשיון
A1 עד 47 כ""ס","בעלות נוכחית
פרטית",חולון,tel aviv,jp,ימאהה,28500,MT 07,"28,500 ₪",700,"טסט עד
06/2022",2016
443,דו שימושי,"צבע
לבן",לבן,02/09/2021,1,"קילומטראז'
12011",12011,פרטית,A1,"דרגת רשיון
A1 עד 47 כ""ס","בעלות נוכחית
פרטית",ראשון לציון,center,jp,סוזוקי,28000,DRZ400S,"28,000 ₪",400,"טסט עד
06/2022",2018
444,ספורט/כביש,"צבע
שחור מטאלי",שחור מטאלי,02/09/2021,4,"קילומטראז'
43000",43000,פרטית,A,"דרגת רשיון
A ללא הגבלה","בעלות נוכחית
פרטית",נופך,center,jp,ימאהה,29000,MT 09,"29,000 ₪",900,"טסט עד
03/2022",2014
446,דו שימושי,"צבע
לבן מטאלי",לבן מטאלי,02/09/2021,2,"קילומטראז'
34000",34000,פרטית,A1,"דרגת רשיון
A1 עד 47 כ""ס","בעלות נוכחית
פרטית",חולון,tel aviv,jp,סוזוקי,40000,DL650A וי-סטרום,"40,000 ₪",650,"טסט עד
03/2022",2018
447,דו שימושי,"צבע
לבן פנינה",לבן פנינה,02/09/2021,2,"קילומטראז'
6000",6000,פרטית,A1,"דרגת רשיון
A1 עד 47 כ""ס","בעלות נוכחית
פרטית",תל אביב יפו,tel aviv,eu,ב.מ.וו,69000,F-750GS,"69,000 ₪",750,"טסט עד
02/2022",2021
448,ספורט/כביש,"צבע
לבן",לבן,02/09/2021,4,"קילומטראז'
24000",24000,פרטית,A1,"דרגת רשיון
A1 עד 47 כ""ס","בעלות נוכחית
פרטית",ירושלים,jerusalem,eu,הונדה,27000,CBR500R,"27,000 ₪",500,"טסט עד
12/2021",2017
449,ספורט/כביש,"צבע
כתום",כתום,02/09/2021,2,"קילומטראז'
16250",16250,פרטית,A1,"דרגת רשיון
A1 עד 47 כ""ס","בעלות נוכחית
פרטית",חיפה,haifa,eu,ק.ט.מ,18500,דיוק 390,"18,500 ₪",400,"טסט עד
12/2021",2017
450,מוטוקרוס,"צבע
לבן",לבן,02/09/2021,3,"קילומטראז'
2000",2000,פרטית,A1,"דרגת רשיון
A1 עד 47 כ""ס","בעלות קודמת
פרטית",כפר תבור,north,eu,בטא,29900,RR300,"29,900 ₪",300,"בעלות נוכחית
פרטית",2018
451,דו שימושי,"צבע
ירוק בקבוק",ירוק בקבוק,02/09/2021,2,"קילומטראז'
29000",29000,פרטית,A1,"דרגת רשיון
A1 עד 47 כ""ס","בעלות נוכחית
פרטית",סופה,south,other,רויאל,22000,אנפילד בולט אלקטרה EFI,"22,000 ₪",500,"טסט עד
08/2022",2015
452,ספורט/כביש,"צבע
שחור מטאלי",שחור מטאלי,02/09/2021,5,"קילומטראז'
28000",28000,פרטית,A,"דרגת רשיון
A ללא הגבלה","בעלות נוכחית
פרטית",אבו סנאן,north,jp,קאוואסאקי,38000,Z900,"38,000 ₪",900,"טסט עד
08/2022",2018
453,דו שימושי,"צבע
שחור",שחור,02/09/2021,1,"קילומטראז'
12000",12000,פרטית,A1,"דרגת רשיון
A1 עד 47 כ""ס","מוכן להחלפה
לא",ראש העין,center,jp,קאוואסאקי,15000,Z250,"15,000 ₪",250,"בעלות נוכחית
פרטית",2017
455,קסטום,"צבע
שחור",שחור,02/09/2021,10,"קילומטראז'
65000",65000,פרטית,A1,"דרגת רשיון
A1 עד 47 כ""ס","בעלות נוכחית
פרטית",תל אביב יפו,tel aviv,eu,הונדה,8500,CB250,"8,500 ₪",250,"טסט עד
03/2022",2006
456,קסטום,"צבע
חום מטאלי",חום מטאלי,02/09/2021,2,"קילומטראז'
40000",40000,פרטית,A,"דרגת רשיון
A ללא הגבלה","בעלות נוכחית
פרטית",ירושלים,jerusalem,eu,הונדה,40000,אחר,"40,000 ₪",500,"טסט עד
02/2022",1982
457,קסטום,"צבע
אדום מטאלי",אדום מטאלי,02/09/2021,1,"קילומטראז'
40350",40350,פרטית,A,"דרגת רשיון
A ללא הגבלה","מוכן להחלפה
לא",הוד השרון,center,jp,ימאהה,50000,ויראגו 500,"50,000 ₪",500,"בעלות נוכחית
פרטית",1997
459,דו שימושי,"צבע
אפור עכבר",אפור עכבר,02/09/2021,1,"קילומטראז'
39700",39700,פרטית,A1,"דרגת רשיון
A1 עד 47 כ""ס","בעלות נוכחית
פרטית",רמלה,center,eu,הונדה,29000,CB500X,"29,000 ₪",500,"טסט עד
05/2022",2018
461,קסטום,"צבע
אפור מטאלי",אפור מטאלי,02/09/2021,1,"קילומטראז'
20000",20000,פרטית,A1,"דרגת רשיון
A1 עד 47 כ""ס","בעלות נוכחית
פרטית",נתניה,center,am,הרלי,79000,דיווידסון ספורטסטר 883,"79,000 ₪",880,"טסט עד
07/2022",2019
462,דו שימושי,"צבע
אדום",אדום,02/09/2021,3,"קילומטראז'
50000",50000,פרטית,A1,"דרגת רשיון
A1 עד 47 כ""ס","בעלות נוכחית
פרטית",כפר סבא,center,jp,ימאהה,34500,MT-07 TRACER,"34,500 ₪",700,"טסט עד
07/2022",2017
464,ספורט/כביש,"צבע
אדום מטאלי",אדום מטאלי,02/09/2021,3,"קילומטראז'
30000",30000,פרטית,A,"דרגת רשיון
A ללא הגבלה","בעלות נוכחית
פרטית",רמת גן,tel aviv,eu,הונדה,32000,CB650F,"32,000 ₪",650,"טסט עד
08/2022",2017
466,ספורט/כביש,"צבע
כתום",כתום,02/09/2021,1,"קילומטראז'
6800",6800,פרטית,A1,"דרגת רשיון
A1 עד 47 כ""ס","בעלות נוכחית
פרטית",עפולה,north,eu,ק.ט.מ,16000,דיוק 250,"16,000 ₪",250,"טסט עד
08/2022",2018
467,דו שימושי,"טסט עד
10/2021",שחור,02/09/2021,6,"קילומטראז'
54",54,פרטית,A1,"צבע
שחור","בעלות קודמת
פרטית",רמת גן,tel aviv,jp,סוזוקי,18500,DRZ400SM,"18,500 ₪",400,"בעלות נוכחית
פרטית",2009
468,ספורט/כביש,"צבע
שחור מטאלי",שחור מטאלי,02/09/2021,2,"קילומטראז'
41000",41000,פרטית,A1,"דרגת רשיון
A1 עד 47 כ""ס","בעלות קודמת
פרטית",תל אביב יפו,tel aviv,jp,קאוואסאקי,9999,Z250,"9,999 ₪",250,"בעלות נוכחית
פרטית",2016
469,דו שימושי,"צבע
כחול כהה מטאלי",כחול כהה מטאלי,02/09/2021,5,"קילומטראז'
130000",130000,פרטית,A,"דרגת רשיון
A ללא הגבלה","בעלות נוכחית
פרטית",פתח תקווה,center,jp,ימאהה,14000,פייזר 1000,"14,000 ₪",1000,"טסט עד
08/2021",2002
471,ספורט/כביש,"צבע
לבן פנינה",לבן פנינה,02/09/2021,3,"קילומטראז'
65420",65420,פרטית,A,"דרגת רשיון
A ללא הגבלה","בעלות נוכחית
פרטית",כרמיאל,north,jp,ימאהה,36000,אחר,"36,000 ₪",1200,"טסט עד
02/2022",1989
472,ספורט/כביש,"צבע
שחור",שחור,02/09/2021,1,"קילומטראז'
11000",11000,פרטית,A1,"דרגת רשיון
A1 עד 47 כ""ס","בעלות נוכחית
פרטית",עפולה,north,jp,קאוואסאקי,30500,Z400,"30,500 ₪",400,"טסט עד
07/2022",2020
473,ספורט/כביש,"צבע
שחור",שחור,02/09/2021,3,"קילומטראז'
37000",37000,פרטית,A,"דרגת רשיון
A ללא הגבלה","בעלות נוכחית
פרטית",שפרעם,north,jp,ימאהה,56000,MT 09,"56,000 ₪",850,"טסט עד
05/2022",2019
474,ספורט/כביש,"צבע
כחול מטאלי",כחול מטאלי,02/09/2021,3,"קילומטראז'
29000",29000,פרטית,A1,"דרגת רשיון
A1 עד 47 כ""ס","בעלות קודמת
פרטית",תל אביב יפו,tel aviv,eu,ב.מ.וו,16500,G310R,"16,500 ₪",300,"בעלות נוכחית
פרטית",2017
476,ספורט/כביש,"צבע
שחור",שחור,02/09/2021,3,"קילומטראז'
24000",24000,פרטית,A,"דרגת רשיון
A ללא הגבלה","בעלות נוכחית
פרטית",ירושלים,jerusalem,jp,קאוואסאקי,36000,Z900,"36,000 ₪",900,"טסט עד
12/2022",2017
477,ספורט/כביש,"צבע
שחור",שחור,02/09/2021,3,"קילומטראז'
44000",44000,פרטית,A,"דרגת רשיון
A ללא הגבלה","בעלות נוכחית
פרטית",חיפה,haifa,jp,ימאהה,52000,MT-10,"52,000 ₪",1000,"טסט עד
07/2022",2016
