categorty,color,dealer,hand,km,licence,lising,location,maker,model,price,size,test,year
קסטום,"צבע
ירוק בקבוק",עודכן היום,1,"קילומטראז'
27000","דרגת רשיון
A ללא הגבלה","בעלות נוכחית
פרטית",חולון,הרלי,דיווידסון אחר,"129,000 ₪",1800,"טסט עד
04/2022",2018
דו שימושי,"צבע
לבן מטאלי",עודכן היום,2,"קילומטראז'
175000","דרגת רשיון
A ללא הגבלה","בעלות נוכחית
פרטית",באר שבע,ב.מ.וו,R1200GS,"45,000 ₪",1200,"טסט עד
06/2022",2011
ספורט/כביש,"צבע
כתום",עודכן היום,4,"קילומטראז'
8900","דרגת רשיון
A2 עד 125 סמ""ק/14 כ""ס","בעלות נוכחית
פרטית",קרית מוצקין,ק.ט.מ,דיוק 125,"13,500 ₪",125,"טסט עד
07/2022",2019
דו שימושי,"צבע
לבן",עודכן היום,1,"קילומטראז'
3000","דרגת רשיון
A1 עד 47 כ""ס","בעלות נוכחית
פרטית",ראש העין,בנלי,TRK502X,"45,000 ₪",500,"טסט עד
01/2022",2021
דו שימושי,"בעלות נוכחית
חברה",עודכן היום,2,"קילומטראז'
45000","צבע
שחור","מוכן להחלפה
לא",קרית מוצקין,ב.מ.וו,"R1200GS אדוונצ""ר","112,000 ₪",1200,"בעלות קודמת
חברה",2017
ספורט/כביש,"בעלות נוכחית
פרטית",עודכן היום,2,"דרגת רשיון
A2 עד 125 סמ""ק/14 כ""ס","צבע
לבן","מוכן להחלפה
לא",ירושלים,הונדה,CBR125W,"12,000 ₪",125,"בעלות קודמת
פרטית",2017
דו שימושי,"טסט עד
09/2021",עודכן היום,1,"קילומטראז'
52000","צבע
לבן פנינה","מוכן להחלפה
לא",רמת גן,ב.מ.וו,"R1200GS אדוונצ""ר","105,000 ₪",1200,"בעלות נוכחית
פרטית",2017
קסטום,"צבע
שחור",עודכן היום,5,"קילומטראז'
60000","דרגת רשיון
A ללא הגבלה","בעלות נוכחית
פרטית",ראש העין,ימאהה,XVS1300 קלאסיק,"55,000 ₪",1300,"טסט עד
09/2022",2008
קסטום,"צבע
לבן פנינה",עודכן היום,2,"קילומטראז'
29300","דרגת רשיון
A ללא הגבלה","בעלות נוכחית
פרטית",רמת גן,קאוואסאקי,Vulcan S,"27,000 ₪",650,"טסט עד
10/2021",2015
קסטום,"צבע
שחור מטאלי",עודכן היום,1,"קילומטראז'
16000","דרגת רשיון
A1 עד 47 כ""ס","בעלות נוכחית
פרטית",אשדוד,קאוואסאקי,Vulcan S,"42,000 ₪",650,"טסט עד
08/2022",2020
קסטום,"צבע
כחול מטאלי",עודכן היום,3,"קילומטראז'
8800","דרגת רשיון
A1 עד 47 כ""ס","בעלות נוכחית
פרטית",תל אביב יפו,הרלי,דיווידסון ספורטר 48 XL 1220X,"72,000 ₪",1200,"טסט עד
03/2022",2019
ספורט/כביש,"בעלות נוכחית
פרטית",עודכן היום,3,"קילומטראז'
25000","צבע
שחור","מוכן להחלפה
לא",ירכא,קיוואי,CITYBLADE 125,"8,000 ₪",125,"בעלות קודמת
פרטית",2020
מוטוקרוס,"צבע
כחול",עודכן היום,4,"קילומטראז'
28000","דרגת רשיון
A1 עד 47 כ""ס","בעלות קודמת
פרטית",ירושלים,ימאהה,WR250R,"25,000 ₪",250,"בעלות נוכחית
פרטית",2021
ספורט/כביש,"צבע
לבן",עודכן היום,3,"קילומטראז'
78000","דרגת רשיון
A ללא הגבלה","בעלות נוכחית
פרטית",קרית ים,ימאהה,FZ1N,"32,500 ₪",1000,"טסט עד
02/2022",2011
ספורט/כביש,"צבע
אפור מטאלי",עודכן היום,3,"קילומטראז'
15000","דרגת רשיון
A2 עד 125 סמ""ק/14 כ""ס","בעלות נוכחית
פרטית",רמת גן,סאן,יאנג סימפוני 125,"6,500 ₪",125,"טסט עד
02/2022",2018
דו שימושי,"טסט עד
12/2021",עודכן היום,2,"קילומטראז'
41000","צבע
שחור","בעלות קודמת
פרטית",כפר יונה,ק.ט.מ,אדוונצ'ר 1290S,"75,000 ₪",1300,"בעלות נוכחית
פרטית",2018
דו שימושי,"צבע
שחור מטאלי",עודכן היום,1,"קילומטראז'
10000","דרגת רשיון
A ללא הגבלה","בעלות נוכחית
פרטית",תל אביב יפו,קאוואסאקי,Z900,"43,500 ₪",900,"טסט עד
06/2022",2018
ספורט/כביש,"צבע
שחור",עודכן היום,7,"קילומטראז'
68000","דרגת רשיון
A ללא הגבלה","בעלות נוכחית
פרטית",סאג'ור,קאוואסאקי,ZX-10R Ninja,לא צוין מחיר,1000,"טסט עד
08/2022",2015
דו שימושי,"טסט עד
02/2022",עודכן היום,1,"קילומטראז'
3500","צבע
לבן","מוכן להחלפה
לא",יקנעם עילית,הוסקוורנה,TE300,"55,000 ₪",300,"בעלות נוכחית
פרטית",2019
דו שימושי,"טסט עד
10/2021",עודכן היום,1,"דרגת רשיון
A1 עד 47 כ""ס","צבע
כתום","מוכן להחלפה
כן",נהריה,ק.ט.מ,EXC 250,"57,000 ₪",250,"בעלות נוכחית
פרטית",2020
ספורט/כביש,"טסט עד
07/2022",עודכן היום,2,"דרגת רשיון
A2 עד 125 סמ""ק/14 כ""ס","צבע
לבן","בעלות קודמת
פרטית",מזכרת בתיה,ק.ט.מ,דיוק 125,"13,500 ₪",125,"בעלות נוכחית
פרטית",2019
ספורט/כביש,"צבע
כחול כהה",עודכן היום,1,"קילומטראז'
5000","דרגת רשיון
A1 עד 47 כ""ס","בעלות נוכחית
פרטית",ראשון לציון,הונדה,Forza NSS300,"60,000 ₪",750,"טסט עד
01/2022",2021
ספורט/כביש,"צבע
כחול בהיר",עודכן היום,1,"קילומטראז'
3000","דרגת רשיון
A ללא הגבלה","בעלות נוכחית
פרטית",עפולה,ימאהה,MT 09,"72,000 ₪",900,"טסט עד
08/2022",2020
ספורט/כביש,"צבע
שחור מטאלי",עודכן היום,3,"קילומטראז'
50000","דרגת רשיון
A1 עד 47 כ""ס","בעלות נוכחית
פרטית",באר שבע,הונדה,CBR500R,"19,999 ₪",500,"טסט עד
10/2021",2015
קסטום,"טסט עד
04/2022",עודכן היום,2,"קילומטראז'
24000","צבע
שחור מטאלי","בעלות קודמת
פרטית",עומר,הרלי,דיווידסון דיינה לוו-ריידר 1585,"133,000 ₪",1800,"בעלות נוכחית
פרטית",2018
קסטום,"צבע
שחור",עודכן היום,2,"קילומטראז'
57000","דרגת רשיון
A ללא הגבלה","בעלות נוכחית
פרטית",כפר סבא,גולדן,מוטורסיק CHOPPER,"75,000 ₪",1800,"טסט עד
08/2022",2013
ספורט/כביש,"צבע
שחור",עודכן היום,4,"קילומטראז'
30000","דרגת רשיון
A ללא הגבלה","בעלות נוכחית
פרטית",אשקלון,קאוואסאקי,Z750S,"13,500 ₪",750,"טסט עד
05/2022",2005
ספורט/כביש,"צבע
כחול",עודכן היום,2,"קילומטראז'
4000","דרגת רשיון
A ללא הגבלה","בעלות נוכחית
פרטית",רמלה,ימאהה,MT-10,"98,999 ₪",1000,"טסט עד
04/2022",2021
דו שימושי,"צבע
שחור",עודכן היום,3,"קילומטראז'
65000","דרגת רשיון
A ללא הגבלה","בעלות נוכחית
פרטית",יבנה,ימאהה,MT-07 TRACER,"32,000 ₪",700,"טסט עד
02/2022",2017
דו שימושי,"צבע
כתום",עודכן היום,1,"קילומטראז'
6500","דרגת רשיון
A ללא הגבלה","בעלות נוכחית
פרטית",תל אביב יפו,ק.ט.מ,אדוונצר 390,"35,000 ₪",400,"טסט עד
05/2022",2020
דו שימושי,"צבע
לבן",עודכן היום,1,"קילומטראז'
271000","דרגת רשיון
A ללא הגבלה","בעלות נוכחית
פרטית",טמרה,ימאהה,XT1200Z סופר טנרה,"23,000 ₪",1200,"טסט עד
05/2022",2014
ספורט/כביש,"צבע
לבן פנינה",עודכן היום,2,"קילומטראז'
46000","דרגת רשיון
A ללא הגבלה","בעלות נוכחית
פרטית",תל אביב יפו,דוקאטי,היפרמוטארד 821,"37,500 ₪",800,"טסט עד
01/2022",2015
ספורט/כביש,"צבע
לבן",עודכן היום,2,"קילומטראז'
37000","דרגת רשיון
A1 עד 47 כ""ס","בעלות נוכחית
פרטית",תל אביב יפו,ק.ט.מ,דיוק 390,"18,000 ₪",400,"טסט עד
08/2022",2017
דו שימושי,"צבע
ירוק",עודכן היום,5,"קילומטראז'
50000","דרגת רשיון
A ללא הגבלה","בעלות נוכחית
פרטית",רעננה,ב.מ.וו,F800GS,"46,000 ₪",800,"טסט עד
08/2022",2013
ספורט/כביש,"טסט עד
07/2022",עודכן היום,1,"קילומטראז'
300","צבע
ירוק בהיר","מוכן להחלפה
לא",באר שבע,קאוואסאקי,ZX-10R Ninja,"103,000 ₪",1000,"בעלות נוכחית
פרטית",2019
ספורט/כביש,"צבע
כחול",עודכן היום,2,"קילומטראז'
15500","דרגת רשיון
A1 עד 47 כ""ס","בעלות נוכחית
פרטית",אילת,סוזוקי,GSX- R250,"16,900 ₪",250,"טסט עד
03/2022",2018
קסטום,"בעלות נוכחית
פרטית",עודכן היום,2,"קילומטראז'
5000","צבע
שחור","מוכן להחלפה
לא",אשקלון,סוזוקי,DRZ400S,"42,000 ₪",400,"בעלות קודמת
פרטית",2020
ספורט/כביש,"צבע
לבן",עודכן היום,2,"קילומטראז'
21000","דרגת רשיון
A1 עד 47 כ""ס","בעלות נוכחית
פרטית",תל אביב יפו,הוסקוורנה,VITPILEN 401,"18,000 ₪",400,"טסט עד
06/2022",2018
מוטוקרוס,"צבע
לבן",עודכן היום,1,"קילומטראז'
190","דרגת רשיון
A2 עד 125 סמ""ק/14 כ""ס","מוכן להחלפה
לא",חלוץ,בטא,RR 125,"37,000 ₪",125,"בעלות נוכחית
פרטית",2020
ספורט/כביש,"טסט עד
06/2022",עודכן היום,1,"קילומטראז'
12000","צבע
אדום","מוכן להחלפה
לא",הרצליה,דוקאטי,מולטיסטרדה 950,"79,900 ₪",1000,"בעלות נוכחית
פרטית",2020
ספורט/כביש,"צבע
שחור",עודכן היום,1,"קילומטראז'
2697","דרגת רשיון
A ללא הגבלה","בעלות נוכחית
פרטית",ביצרון,קאוואסאקי,Z900,"56,000 ₪",900,"טסט עד
05/2022",2020
ספורט/כביש,"צבע
שחור",עודכן היום,3,"קילומטראז'
99000","דרגת רשיון
A ללא הגבלה","בעלות נוכחית
פרטית",תל אביב יפו,קאוואסאקי,ER-6N,"10,900 ₪",650,"טסט עד
05/2022",2010
ספורט/כביש,"צבע
בורדו מטאלי",עודכן היום,1,"קילומטראז'
46004","דרגת רשיון
A ללא הגבלה","בעלות נוכחית
פרטית",פרדס חנה כרכור,הונדה,GL1800 גולד-ווינג,"26,000 ₪",1100,"טסט עד
09/2022",1982
ספורט/כביש,"צבע
שחור מטאלי",עודכן היום,4,"קילומטראז'
3600","דרגת רשיון
A ללא הגבלה","בעלות נוכחית
פרטית",סאסא,סוזוקי,DRZ400S,"28,500 ₪",400,"טסט עד
04/2022",2018
דו שימושי,"צבע
כחול",עודכן היום,5,"קילומטראז'
88000","דרגת רשיון
A ללא הגבלה","בעלות נוכחית
פרטית",ירושלים,קאוואסאקי,Versys 650,"11,000 ₪",650,"טסט עד
03/2022",2010
ספורט/כביש,"בעלות נוכחית
פרטית",עודכן היום,2,"קילומטראז'
51000","צבע
ירוק בהיר","מוכן להחלפה
כן",יבנה,קאוואסאקי,נינג'ה 300,"19,500 ₪",300,"בעלות קודמת
פרטית",2017
דו שימושי,"צבע
כתום",עודכן היום,2,"קילומטראז'
2400","דרגת רשיון
A1 עד 47 כ""ס","בעלות נוכחית
פרטית",זיקים,ק.ט.מ,EXC-F 350,"36,000 ₪",350,"טסט עד
06/2022",2016
דו שימושי,"צבע
אפור מטאלי",עודכן היום,2,"קילומטראז'
3000","דרגת רשיון
A1 עד 47 כ""ס","בעלות נוכחית
פרטית",אעבלין,קאוואסאקי,Versys-X 300,"27,000 ₪",300,"טסט עד
10/2021",2020
ספורט/כביש,"צבע
שחור",עודכן היום,4,"קילומטראז'
16000","דרגת רשיון
A ללא הגבלה","בעלות נוכחית
פרטית",רחובות,קאוואסאקי,Z900,"42,000 ₪",900,"טסט עד
01/2022",2019
דו שימושי,"צבע
אפור עכבר",עודכן היום,4,"קילומטראז'
85000","דרגת רשיון
A ללא הגבלה","בעלות נוכחית
פרטית",ירושלים,ק.ט.מ,SMT990,"34,000 ₪",1000,"טסט עד
03/2022",2013
ספורט/כביש,"צבע
כחול",עודכן היום,1,"קילומטראז'
2000","דרגת רשיון
A1 עד 47 כ""ס","בעלות נוכחית
פרטית",קרית שמונה,ימאהה,YZF-R3,"34,500 ₪",300,"טסט עד
06/2022",2020
דו שימושי,"צבע
אדום",עודכן היום,10,"קילומטראז'
47000","דרגת רשיון
A ללא הגבלה","בעלות נוכחית
פרטית",הרצליה,הונדה,XRV750 אפריקה טווין,"26,000 ₪",750,"טסט עד
12/2021",1998
דו שימושי,"צבע
אפור מטאלי",עודכן היום,2,"קילומטראז'
4600","דרגת רשיון
A1 עד 47 כ""ס","בעלות נוכחית
פרטית",כפר יונה,ב.מ.וו,G310GS,"28,000 ₪",300,"טסט עד
10/2021",2020
ספורט/כביש,"צבע
שחור",עודכן היום,3,"קילומטראז'
32700","דרגת רשיון
A1 עד 47 כ""ס","בעלות נוכחית
פרטית",תל אביב יפו,הונדה,CB500F,"27,000 ₪",500,"טסט עד
02/2022",2018
דו שימושי,"צבע
שחור מטאלי",עודכן היום,2,"קילומטראז'
75000","דרגת רשיון
A ללא הגבלה","בעלות נוכחית
פרטית",קיסריה,ב.מ.וו,"R1200GS אדוונצ""ר","112,000 ₪",1200,"טסט עד
10/2021",2018
ספורט/כביש,"צבע
שחור מטאלי",עודכן היום,2,"קילומטראז'
14000","דרגת רשיון
A ללא הגבלה","בעלות נוכחית
פרטית",מיתר / כרמית,סוזוקי,GSX-R1000,"105,000 ₪",1000,"טסט עד
09/2022",2019
ספורט/כביש,"צבע
שחור",עודכן היום,1,"קילומטראז'
9500","דרגת רשיון
A ללא הגבלה","בעלות נוכחית
פרטית",ראש העין,הונדה,CB650R,"52,000 ₪",650,"טסט עד
01/2023",2021
ספורט/כביש,"צבע
שחור",עודכן היום,4,"קילומטראז'
27000","דרגת רשיון
A1 עד 47 כ""ס","בעלות קודמת
פרטית",גאליה,ק.ט.מ,RC390,"15,000 ₪",400,"בעלות נוכחית
פרטית",2018
דו שימושי,"צבע
לבן",עודכן היום,2,"קילומטראז'
25600","דרגת רשיון
A ללא הגבלה","בעלות נוכחית
פרטית",רחובות,ב.מ.וו,F800GS,לא צוין מחיר,800,"טסט עד
08/2022",2015
ספורט/כביש,"צבע
אפור",עודכן היום,7,"קילומטראז'
35000","דרגת רשיון
A1 עד 47 כ""ס","בעלות נוכחית
פרטית",חולון,הונדה,CBR500R,"23,000 ₪",500,"טסט עד
12/2021",2016
דו שימושי,"טסט עד
03/2022",עודכן היום,1,"דרגת רשיון
A1 עד 47 כ""ס","צבע
כתום","מוכן להחלפה
לא",קרני שומרון,ק.ט.מ,EXC 250,"55,000 ₪",250,"בעלות נוכחית
פרטית",2020
דו שימושי,"צבע
צהוב",עודכן היום,7,"קילומטראז'
103000","דרגת רשיון
A ללא הגבלה","בעלות נוכחית
פרטית",נס ציונה,ב.מ.וו,F650GS,"12,000 ₪",650,"טסט עד
11/2021",2001
ספורט/כביש,"צבע
שחור מטאלי",עודכן היום,1,"קילומטראז'
1100","דרגת רשיון
A1 עד 47 כ""ס","בעלות נוכחית
פרטית",מגדל העמק,קאוואסאקי,נינג'ה 650,"47,000 ₪",650,"טסט עד
12/2022",2020
ספורט/כביש,"צבע
שחור",עודכן היום,1,"קילומטראז'
11000","דרגת רשיון
A ללא הגבלה","בעלות נוכחית
פרטית",עכו,קאוואסאקי,Z900,"47,000 ₪",900,"טסט עד
05/2022",2020
ספורט/כביש,"צבע
לבן",עודכן היום,2,"קילומטראז'
8500","דרגת רשיון
A1 עד 47 כ""ס","בעלות נוכחית
פרטית",תל אביב יפו,הוסקוורנה,VITPILEN 401,"27,000 ₪",400,"טסט עד
05/2022",2019
דו שימושי,"צבע
שחור",עודכן היום,4,"קילומטראז'
139","דרגת רשיון
A1 עד 47 כ""ס","בעלות נוכחית
פרטית",רמת גן,הוסקוורנה,FE250,"38,500 ₪",250,"טסט עד
08/2022",2017
דו שימושי,"בעלות נוכחית
פרטית",עודכן היום,3,"צבע
כתום","טסט עד
04/2022","מוכן להחלפה
כן",רמת גן,ק.ט.מ,EXC 250,"38,000 ₪",250,"בעלות קודמת
פרטית",2018
ספורט/כביש,"צבע
אדום",עודכן היום,1,"קילומטראז'
4000","דרגת רשיון
A ללא הגבלה","בעלות נוכחית
פרטית",גבעתיים,דוקאטי,סטריטפייטר V4,"134,000 ₪",1100,"טסט עד
03/2022",2021
ספורט/כביש,"צבע
שחור",עודכן היום,2,"קילומטראז'
81000","דרגת רשיון
A ללא הגבלה","בעלות נוכחית
פרטית",מטולה,הונדה,CBR1100XX,"36,000 ₪",1100,"טסט עד
12/2021",2007
ספורט/כביש,"צבע
שחור",עודכן היום,2,"קילומטראז'
39000","דרגת רשיון
A ללא הגבלה","בעלות נוכחית
פרטית",תל אביב יפו,דוקאטי,מונסטר 1200,"105,000 ₪",1200,"טסט עד
03/2022",2017
דו שימושי,"צבע
כתום",עודכן היום,2,"קילומטראז'
100","דרגת רשיון
A1 עד 47 כ""ס","בעלות נוכחית
פרטית",קצרין,ק.ט.מ,EXC150,"41,000 ₪",150,"טסט עד
01/2022",2020
קסטום,"טסט עד
11/2021",עודכן היום,9,"דרגת רשיון
A ללא הגבלה","צבע
שחור מטאלי","בעלות קודמת
פרטית",באר שבע,קאוואסאקי,VN800 קלאסיק,"23,999 ₪",800,"בעלות נוכחית
פרטית",2000
קסטום,"צבע
לבן פנינה",עודכן היום,3,"קילומטראז'
61000","דרגת רשיון
A1 עד 47 כ""ס","בעלות נוכחית
פרטית",אחוזת ברק,קאוואסאקי,VN900 קלאסיק,"42,000 ₪",900,"טסט עד
03/2022",2013
ספורט/כביש,"טסט עד
02/2022",עודכן היום,2,"קילומטראז'
29000","צבע
אדום","בעלות קודמת
פרטית",תל אביב יפו,קיוואי,RKS 125,"6,800 ₪",125,"בעלות נוכחית
פרטית",2018
דו שימושי,"צבע
לבן",עודכן היום,2,"קילומטראז'
3000","דרגת רשיון
A1 עד 47 כ""ס","בעלות נוכחית
פרטית",באר יעקב,ב.מ.וו,G310GS,"30,000 ₪",300,"טסט עד
10/2021",2020
ספורט/כביש,"צבע
שחור",עודכן היום,1,"קילומטראז'
3500","דרגת רשיון
A1 עד 47 כ""ס","מוכן להחלפה
לא",קרית גת,ימאהה,YZF-R3,"32,300 ₪",300,"בעלות נוכחית
פרטית",2021
ספורט/כביש,"צבע
שחור",עודכן היום,5,"קילומטראז'
16500","דרגת רשיון
A1 עד 47 כ""ס","בעלות נוכחית
פרטית",פתח תקווה,ק.ט.מ,RC390,"13,000 ₪",400,"טסט עד
09/2021",2016
ספורט/כביש,"צבע
אדום",עודכן היום,2,"קילומטראז'
22000","דרגת רשיון
A ללא הגבלה","בעלות נוכחית
פרטית",פתח תקווה,MV,Agusta F3 675,"55,000 ₪",700,"טסט עד
03/2022",2015
ספורט/כביש,"צבע
שחור מטאלי",עודכן היום,1,"קילומטראז'
800","דרגת רשיון
A ללא הגבלה","בעלות נוכחית
פרטית",ראשון לציון,אפריליה,דורסודורו 750,"50,000 ₪",900,"טסט עד
08/2022",2020
ספורט/כביש,"צבע
אדום",עודכן היום,1,"קילומטראז'
26000","דרגת רשיון
A ללא הגבלה","בעלות נוכחית
פרטית",חדרה,סוזוקי,GSXS750,"45,000 ₪",750,"טסט עד
11/2021",2018
דו שימושי,"צבע
שחור",עודכן היום,1,"קילומטראז'
1460","דרגת רשיון
A1 עד 47 כ""ס","בעלות נוכחית
פרטית",אילת,קאוואסאקי,KLX250R,"21,000 ₪",250,"טסט עד
01/2022",2020
ספורט/כביש,"צבע
שחור מטאלי",עודכן היום,2,"קילומטראז'
31000","דרגת רשיון
A ללא הגבלה","בעלות נוכחית
פרטית",ברקאי,ימאהה,MT 09 TRACER,"53,000 ₪",900,"טסט עד
05/2022",2019
ספורט/כביש,"צבע
שחור",עודכן היום,2,"קילומטראז'
27000","דרגת רשיון
A1 עד 47 כ""ס","בעלות נוכחית
פרטית",נהורה,ימאהה,MT 07,"40,000 ₪",700,"טסט עד
12/2021",2019
דו שימושי,"צבע
כתום",עודכן היום,3,"קילומטראז'
173","דרגת רשיון
A1 עד 47 כ""ס","בעלות נוכחית
פרטית",קרית גת,ק.ט.מ,EXC-F 350,"49,000 ₪",350,"טסט עד
03/2022",2019
ספורט/כביש,"צבע
אדום מטאלי",עודכן היום,10,"קילומטראז'
44000","דרגת רשיון
A ללא הגבלה","בעלות קודמת
פרטית",רחובות,אפריליה,דורסודורו 750,"20,000 ₪",750,"בעלות נוכחית
פרטית",2010
דו שימושי,"צבע
כחול בהיר מטאלי",עודכן היום,4,"קילומטראז'
35000","דרגת רשיון
A1 עד 47 כ""ס","בעלות נוכחית
פרטית",פתח תקווה,סוזוקי,DRZ400S,"15,000 ₪",400,"טסט עד
07/2022",2008
דו שימושי,"צבע
שחור מטאלי",עודכן היום,3,"קילומטראז'
80000","דרגת רשיון
A1 עד 47 כ""ס","בעלות נוכחית
פרטית",אור עקיבא,הונדה,CB500X,"20,000 ₪",500,"טסט עד
04/2022",2015
ספורט/כביש,"צבע
אדום",עודכן היום,4,"קילומטראז'
39500","דרגת רשיון
A ללא הגבלה","בעלות נוכחית
פרטית",ג'וליס,ב.מ.וו,S1000R,"52,500 ₪",1000,"טסט עד
03/2022",2015
ספורט/כביש,"צבע
כתום",עודכן היום,3,"קילומטראז'
38500","דרגת רשיון
A ללא הגבלה","בעלות נוכחית
פרטית",כפר סבא,ק.ט.מ,SMC690,"33,800 ₪",700,"טסט עד
07/2022",2017
ספורט/כביש,"צבע
כחול כהה מטאלי",עודכן היום,3,"קילומטראז'
5000","דרגת רשיון
A ללא הגבלה","בעלות נוכחית
פרטית",קרית אתא,ימאהה,YZF-R6,"89,000 ₪",600,"טסט עד
11/2021",2020
דו שימושי,"צבע
כתום",עודכן היום,4,"קילומטראז'
283","דרגת רשיון
A1 עד 47 כ""ס","בעלות נוכחית
פרטית",פתח תקווה,ק.ט.מ,EXC 250,לא צוין מחיר,250,"טסט עד
01/2022",2014
ספורט/כביש,"צבע
שחור",עודכן היום,1,"קילומטראז'
700","דרגת רשיון
A ללא הגבלה","בעלות נוכחית
פרטית",נצרת,קאוואסאקי,נינג'ה 650,לא צוין מחיר,650,"טסט עד
08/2022",2020
ספורט/כביש,"צבע
כסוף",עודכן היום,1,"קילומטראז'
7000","דרגת רשיון
A1 עד 47 כ""ס","בעלות נוכחית
פרטית",גדרה,CF,MOTO 250NK,"18,000 ₪",250,"טסט עד
04/2022",2021
דו שימושי,"צבע
שחור מטאלי",עודכן היום,1,"קילומטראז'
18000","דרגת רשיון
A1 עד 47 כ""ס","בעלות נוכחית
פרטית",ירושלים,קאוואסאקי,Versys-X 300,"24,000 ₪",300,"טסט עד
07/2022",2020
דו שימושי,"צבע
שחור",עודכן היום,1,"קילומטראז'
267","דרגת רשיון
A1 עד 47 כ""ס","בעלות נוכחית
פרטית",ראשון לציון,פאנטיק,קבלרו,לא צוין מחיר,500,"טסט עד
12/2022",2020
דו שימושי,"צבע
אדום מטאלי",עודכן היום,2,"קילומטראז'
835","דרגת רשיון
A2 עד 125 סמ""ק/14 כ""ס","בעלות נוכחית
פרטית",ראש פינה,סקיי-טים,Monkey / Gorilla,"15,000 ₪",125,"טסט עד
08/2022",2017
דו שימושי,"צבע
כסוף מטאלי",עודכן היום,1,"קילומטראז'
22500","דרגת רשיון
A1 עד 47 כ""ס","בעלות נוכחית
פרטית",חיפה,סוזוקי,DL650A וי-סטרום,לא צוין מחיר,650,"טסט עד
09/2022",2016
ספורט/כביש,"צבע
ירוק בהיר",עודכן היום,2,"קילומטראז'
10300","דרגת רשיון
A1 עד 47 כ""ס","בעלות נוכחית
פרטית",ירושלים,קאוואסאקי,Z650 abs,"36,000 ₪",650,"טסט עד
05/2022",2020
ספורט/כביש,"צבע
אפור מטאלי",עודכן היום,2,"קילומטראז'
4000","דרגת רשיון
A1 עד 47 כ""ס","בעלות נוכחית
פרטית",ירושלים,קאוואסאקי,Z900,"52,000 ₪",900,"טסט עד
02/2022",2020
דו שימושי,"צבע
שחור מטאלי",עודכן היום,5,"קילומטראז'
120000","דרגת רשיון
A ללא הגבלה","בעלות נוכחית
פרטית",נס ציונה,סוזוקי,DL650 וי-סטרום,"13,500 ₪",650,"טסט עד
12/2021",2008
ספורט/כביש,"צבע
אדום",עודכן היום,5,"קילומטראז'
46000","דרגת רשיון
A ללא הגבלה","בעלות נוכחית
פרטית",מכמנים,הונדה,XRV750 אפריקה טווין,"22,000 ₪",750,"טסט עד
10/2021",1996
ספורט/כביש,"צבע
כחול",עודכן היום,4,"קילומטראז'
55000","דרגת רשיון
A ללא הגבלה","בעלות נוכחית
פרטית",ערד,סוזוקי,GSX-R1300 בי-קינג,"45,000 ₪",1350,"טסט עד
11/2021",2011
דו שימושי,"צבע
אפור",עודכן היום,1,"קילומטראז'
20790","דרגת רשיון
A1 עד 47 כ""ס","בעלות נוכחית
פרטית",באר שבע,קאוואסאקי,Versys-X 300,"28,000 ₪",300,"טסט עד
07/2022",2020
ספורט/כביש,"צבע
לבן פנינה",עודכן היום,2,"קילומטראז'
1100","דרגת רשיון
A ללא הגבלה","בעלות נוכחית
פרטית",אשקלון,קאוואסאקי,Z650 abs,"31,500 ₪",650,"טסט עד
09/2022",2019
דו שימושי,"טסט עד
01/2022",עודכן היום,2,"קילומטראז'
80000","צבע
לבן","בעלות קודמת
פרטית",הרצליה,ב.מ.וו,"R1200GS אדוונצ""ר","118,000 ₪",1200,"בעלות נוכחית
פרטית",2018
קסטום,"צבע
שחור",עודכן היום,4,"קילומטראז'
55500","דרגת רשיון
A1 עד 47 כ""ס","בעלות נוכחית
פרטית",ראשון לציון,יוסאנג,GV250 אקילה,"9,000 ₪",250,"טסט עד
09/2022",2012
ספורט/כביש,"צבע
אפור מטאלי",עודכן היום,2,"קילומטראז'
19000","דרגת רשיון
A1 עד 47 כ""ס","בעלות נוכחית
פרטית",רחובות,הונדה,CB500F,"31,000 ₪",500,"טסט עד
11/2021",2019
קסטום,"טסט עד
05/2022",עודכן היום,3,"קילומטראז'
120000","צבע
אדום מטאלי","בעלות קודמת
פרטית",גינוסר,הונדה,GL1800 גולד-ווינג,לא צוין מחיר,1800,"בעלות נוכחית
פרטית",2004
ספורט/כביש,"צבע
שחור מטאלי",עודכן היום,1,"קילומטראז'
3000","דרגת רשיון
A ללא הגבלה","בעלות נוכחית
פרטית",יבנה,הונדה,CBR1000RR,"150,000 ₪",1000,"טסט עד
01/2022",2021
דו שימושי,"צבע
אדום",עודכן היום,1,"קילומטראז'
5000","דרגת רשיון
A ללא הגבלה","מוכן להחלפה
לא",מזכרת בתיה,סוזוקי,DL1000 וי-סטרום,"91,000 ₪",1000,"בעלות נוכחית
פרטית",2021
דו שימושי,"צבע
אפור",עודכן היום,2,"קילומטראז'
1700","דרגת רשיון
A ללא הגבלה","בעלות נוכחית
פרטית",נהריה,ימאהה,MT 09 TRACER,לא צוין מחיר,880,"טסט עד
10/2021",2020
קסטום,"טסט עד
04/2022",עודכן היום,6,"דרגת רשיון
A ללא הגבלה","צבע
שחור מטאלי","בעלות קודמת
פרטית",רחובות,הרלי,דיווידסון אחר,"50,000 ₪",1200,"בעלות נוכחית
פרטית",2008
ספורט/כביש,"צבע
אדום מטאלי",עודכן היום,8,"קילומטראז'
114000","דרגת רשיון
A ללא הגבלה","בעלות נוכחית
פרטית",חצור הגלילית,ימאהה,פייזר 600,"17,000 ₪",600,"טסט עד
06/2022",2005
דו שימושי,"צבע
כחול",עודכן היום,3,"קילומטראז'
229","דרגת רשיון
A1 עד 47 כ""ס","בעלות קודמת
פרטית",פדיה,הוסקוורנה,FE250,"37,500 ₪",250,"בעלות נוכחית
פרטית",2017
ספורט/כביש,"בעלות נוכחית
פרטית",עודכן היום,5,"צבע
אפור","טסט עד
07/2022","מוכן להחלפה
לא",דאלית אל כרמל,הונדה,CBR600 F5/FS/I,לא צוין מחיר,600,"בעלות קודמת
פרטית",2006
ספורט/כביש,"צבע
כחול",עודכן היום,3,"קילומטראז'
27000","דרגת רשיון
A1 עד 47 כ""ס","בעלות קודמת
פרטית",ירושלים,סוזוקי,אינזומה 250,"13,000 ₪",250,"בעלות נוכחית
פרטית",2017
קסטום,"צבע
שחור מטאלי",עודכן היום,2,"קילומטראז'
4900","דרגת רשיון
A1 עד 47 כ""ס","בעלות נוכחית
פרטית",מעלות תרשיחא,דיאלים,VL Day Star 250,"15,999 ₪",250,"טסט עד
11/2021",2017
ספורט/כביש,"צבע
לבן פנינה",עודכן היום,2,"קילומטראז'
37000","דרגת רשיון
A ללא הגבלה","בעלות נוכחית
פרטית",קדימה צורן,הונדה,CBR650F,"38,000 ₪",650,"טסט עד
06/2022",2018
דו שימושי,"צבע
אדום מטאלי",עודכן היום,2,"קילומטראז'
37700","דרגת רשיון
A ללא הגבלה","בעלות נוכחית
פרטית",כפר סבא,ימאהה,MT-07 TRACER,"34,000 ₪",700,"טסט עד
11/2021",2017
דו שימושי,"צבע
כסוף מטאלי",עודכן היום,1,"קילומטראז'
35000","דרגת רשיון
A1 עד 47 כ""ס","בעלות נוכחית
פרטית",נהריה,קאוואסאקי,Versys 650,"39,000 ₪",650,"טסט עד
06/2022",2019
ספורט/כביש,"צבע
אפור מטאלי",עודכן היום,3,"קילומטראז'
13000","דרגת רשיון
A ללא הגבלה","בעלות נוכחית
פרטית",קרית מוצקין,קאוואסאקי,אחר,לא צוין מחיר,1000,"טסט עד
05/2022",2018
דו שימושי,"צבע
כחול",עודכן היום,6,"קילומטראז'
6500","דרגת רשיון
A1 עד 47 כ""ס","בעלות נוכחית
פרטית",באר שבע,ימאהה,WR250F,"32,500 ₪",250,"טסט עד
11/2021",2017
ספורט/כביש,"צבע
כחול כהה מטאלי",עודכן היום,1,"קילומטראז'
20000","דרגת רשיון
A ללא הגבלה","בעלות נוכחית
פרטית",כפר יונה,ימאהה,MT 09 TRACER,לא צוין מחיר,900,"טסט עד
06/2022",2020
דו שימושי,"טסט עד
04/2022",עודכן היום,1,"קילומטראז'
19500","צבע
חום מטאלי","מוכן להחלפה
כן",תל אביב יפו,סאן,יאנג ג'וי מקס ספורט 300,"15,000 ₪",300,"בעלות נוכחית
פרטית",2019
ספורט/כביש,"צבע
שחור",עודכן היום,3,"קילומטראז'
32000","דרגת רשיון
A1 עד 47 כ""ס","בעלות קודמת
פרטית",בית ברל,קאוואסאקי,Z250,"8,500 ₪",250,"בעלות נוכחית
פרטית",2017
ספורט/כביש,"צבע
שחור",עודכן היום,2,"קילומטראז'
14000","דרגת רשיון
A1 עד 47 כ""ס","בעלות נוכחית
פרטית",ירושלים,קאוואסאקי,Z900,"49,500 ₪",900,"טסט עד
03/2022",2020
ספורט/כביש,"צבע
אפור מטאלי",עודכן היום,2,"קילומטראז'
62000","דרגת רשיון
A ללא הגבלה","בעלות נוכחית
פרטית",ראשון לציון,קאוואסאקי,RS,"29,000 ₪",1000,"טסט עד
12/2021",1986
ספורט/כביש,"צבע
אדום",עודכן היום,1,"קילומטראז'
8500","דרגת רשיון
A ללא הגבלה","בעלות נוכחית
פרטית",תל אביב יפו,MV,Agusta Brutale 1090,לא צוין מחיר,1000,"טסט עד
07/2022",2020
ספורט/כביש,"צבע
שחור",עודכן היום,4,"קילומטראז'
63000","דרגת רשיון
A ללא הגבלה","בעלות נוכחית
פרטית",נצרת עילית / נוף הגליל,ימאהה,MT-07 TRACER,לא צוין מחיר,700,"טסט עד
04/2022",2017
קסטום,"צבע
ברונזה מטאלי",עודכן היום,1,"קילומטראז'
17000","דרגת רשיון
A ללא הגבלה","מוכן להחלפה
לא",תל אביב יפו,הרלי,דיווידסון אחר,"115,000 ₪",1800,"בעלות נוכחית
פרטית",2019
מוטוקרוס,"צבע
כתום",עודכן היום,3,"קילומטראז'
5550","דרגת רשיון
A2 עד 125 סמ""ק/14 כ""ס","בעלות נוכחית
פרטית",אשקלון,ק.ט.מ,250 EXC-F,"42,000 ₪",250,"טסט עד
06/2022",2018
דו שימושי,"צבע
לבן שנהב",עודכן היום,3,"קילומטראז'
51000","דרגת רשיון
A ללא הגבלה","בעלות נוכחית
פרטית",רחובות,ק.ט.מ,אדוונצ'ר 1290T,"67,000 ₪",1300,"טסט עד
06/2022",2016
ספורט/כביש,"צבע
כחול",עודכן היום,4,"קילומטראז'
55000","דרגת רשיון
A ללא הגבלה","בעלות נוכחית
פרטית",יפיע,ימאהה,YZF-R1,"50,000 ₪",1000,"טסט עד
01/2022",2011
דו שימושי,"בעלות נוכחית
פרטית",עודכן היום,2,"קילומטראז'
200","צבע
כתום","מוכן להחלפה
לא",כפר אוריה,ק.ט.מ,EXC 250,"44,000 ₪",250,"בעלות קודמת
פרטית",2019
ספורט/כביש,"צבע
כתום",עודכן היום,3,"קילומטראז'
22000","דרגת רשיון
A1 עד 47 כ""ס","בעלות קודמת
פרטית",נהלל,ק.ט.מ,דיוק 390,"19,500 ₪",400,"בעלות נוכחית
פרטית",2018
מוטוקרוס,"בעלות נוכחית
פרטית",עודכן היום,4,"דרגת רשיון
A1 עד 47 כ""ס","צבע
אדום","מוכן להחלפה
כן",שדה בוקר,הונדה,CRF250R,"15,500 ₪",250,"בעלות קודמת
פרטית",2013
דו שימושי,"צבע
שחור",עודכן היום,5,"קילומטראז'
56000","דרגת רשיון
A ללא הגבלה","בעלות נוכחית
פרטית",ראשון לציון,קאוואסאקי,Versys 1000,"33,000 ₪",1000,"טסט עד
12/2021",2013
דו שימושי,"צבע
אדום",עודכן היום,3,"קילומטראז'
4800","דרגת רשיון
A1 עד 47 כ""ס","בעלות נוכחית
פרטית",ראשון לציון,הונדה,CRF250L,"21,000 ₪",250,"טסט עד
04/2022",2018
ספורט/כביש,"צבע
שחור מטאלי",עודכן היום,1,"קילומטראז'
2450","דרגת רשיון
A1 עד 47 כ""ס","בעלות נוכחית
פרטית",רחובות,קאוואסאקי,Versys 650,לא צוין מחיר,650,"טסט עד
05/2022",2021
דו שימושי,"צבע
כתום",עודכן היום,4,"קילומטראז'
18","דרגת רשיון
A2 עד 125 סמ""ק/14 כ""ס","בעלות נוכחית
פרטית",אשקלון,ק.ט.מ,EXC 125,"18,000 ₪",125,"טסט עד
10/2021",2010
ספורט/כביש,"צבע
כחול",עודכן היום,2,"קילומטראז'
10000","דרגת רשיון
A2 עד 125 סמ""ק/14 כ""ס","בעלות קודמת
פרטית",באר שבע,ימאהה,MT125,"19,000 ₪",125,"בעלות נוכחית
פרטית",2020
ספורט/כביש,"צבע
שחור מטאלי",עודכן היום,1,"קילומטראז'
47000","דרגת רשיון
A ללא הגבלה","בעלות נוכחית
פרטית",אבן יהודה,קאוואסאקי,Versys 1000,"50,000 ₪",1000,"טסט עד
09/2022",2016
ספורט/כביש,"צבע
אדום מטאלי",עודכן היום,1,"קילומטראז'
3550","דרגת רשיון
A1 עד 47 כ""ס","בעלות נוכחית
פרטית",עפולה,הונדה,CB500X,"47,000 ₪",500,"טסט עד
04/2022",2021
ספורט/כביש,"צבע
שחור",עודכן היום,2,"קילומטראז'
32000","דרגת רשיון
A ללא הגבלה","בעלות קודמת
פרטית",אשקלון,ימאהה,MT-10,"65,000 ₪",1000,"בעלות נוכחית
פרטית",2019
ספורט/כביש,"טסט עד
07/2022",עודכן היום,10,"קילומטראז'
51000","צבע
שחור מטאלי","בעלות קודמת
פרטית",ירושלים,קאוואסאקי,Z800R,"27,000 ₪",800,"בעלות נוכחית
פרטית",2014
ספורט/כביש,"טסט עד
07/2022",עודכן היום,10,"קילומטראז'
51000","צבע
שחור מטאלי","בעלות קודמת
פרטית",ירושלים,קאוואסאקי,Z800R,"27,000 ₪",800,"בעלות נוכחית
פרטית",2014
קסטום,"צבע
ברונזה",עודכן היום,2,"קילומטראז'
32000","דרגת רשיון
A1 עד 47 כ""ס","בעלות נוכחית
פרטית",גדרה,קיוואי,בלקסטאר 250,"15,000 ₪",250,"טסט עד
11/2021",2014
ספורט/כביש,"טסט עד
10/2021",עודכן היום,4,"קילומטראז'
71000","צבע
לבן","בעלות קודמת
פרטית",תל אביב יפו,הונדה,CBR250R,"10,500 ₪",250,"בעלות נוכחית
פרטית",2013
ספורט/כביש,"צבע
כחול",עודכן היום,3,"קילומטראז'
19000","דרגת רשיון
A1 עד 47 כ""ס","בעלות נוכחית
פרטית",נצרת עילית / נוף הגליל,סוזוקי,GSX- R250,"18,000 ₪",250,"טסט עד
02/2022",2019
ספורט/כביש,"צבע
לבן פנינה",עודכן היום,3,"קילומטראז'
22000","דרגת רשיון
A2 עד 125 סמ""ק/14 כ""ס","בעלות נוכחית
פרטית",ג'דידה מכר,דיאלים,Roadwin 125,"6,000 ₪",125,"טסט עד
02/2022",2016
ספורט/כביש,"טסט עד
07/2022",עודכן היום,6,"קילומטראז'
75","צבע
לבן מטאלי","בעלות קודמת
פרטית",תל אביב יפו,ימאהה,פייזר 8,"27,000 ₪",800,"בעלות נוכחית
פרטית",2014
ספורט/כביש,"צבע
שחור מטאלי",עודכן היום,1,"קילומטראז'
1831","דרגת רשיון
A2 עד 125 סמ""ק/14 כ""ס","בעלות נוכחית
פרטית",אשדוד,ימאהה,YZF-R125,"14,900 ₪",125,"טסט עד
02/2022",2019
ספורט/כביש,"צבע
כחול כהה מטאלי",עודכן היום,2,"קילומטראז'
11000","דרגת רשיון
A1 עד 47 כ""ס","בעלות קודמת
פרטית",כפר סבא,ימאהה,MT-03,"28,000 ₪",300,"בעלות נוכחית
פרטית",2020
ספורט/כביש,"צבע
שחור",עודכן היום,1,"קילומטראז'
35000","דרגת רשיון
A1 עד 47 כ""ס","בעלות נוכחית
פרטית",נתניה,הונדה,CB500X,"34,000 ₪",500,"טסט עד
02/2022",2017
קסטום,"בעלות נוכחית
פרטית",עודכן היום,5,"קילומטראז'
82000","צבע
סגול","מוכן להחלפה
כן",כפר כמא,הרלי,דיווידסון אלקטרה גלייד 1340,"70,000 ₪",1350,"בעלות קודמת
פרטית",1997
מוטוקרוס,"בעלות נוכחית
פרטית",עודכן היום,2,"צבע
לבן","טסט עד
11/2021","מוכן להחלפה
לא",נתניה,הוסקוורנה,TE250,"43,500 ₪",250,"בעלות קודמת
פרטית",2019
ספורט/כביש,"צבע
ירוק מטאלי",עודכן היום,4,"קילומטראז'
26000","דרגת רשיון
A ללא הגבלה","בעלות נוכחית
פרטית",עכו,קאוואסאקי,ER-6F,"20,500 ₪",650,"טסט עד
03/2022",2015
דו שימושי,"בעלות נוכחית
פרטית",עודכן היום,3,"קילומטראז'
2500","צבע
שחור","מוכן להחלפה
כן",רמת השרון,בנלי,TNT125,"13,000 ₪",125,"בעלות קודמת
פרטית",2020
ספורט/כביש,"צבע
שחור מטאלי",עודכן היום,5,"קילומטראז'
33000","דרגת רשיון
A ללא הגבלה","בעלות נוכחית
פרטית",נתניה,קאוואסאקי,Versys 1000,"47,000 ₪",1000,"טסט עד
12/2021",2016
ספורט/כביש,"צבע
כחול",עודכן היום,5,"קילומטראז'
58000","דרגת רשיון
A ללא הגבלה","בעלות נוכחית
פרטית",רעננה,סוזוקי,GSX-R600,"65,000 ₪",600,"טסט עד
01/2022",2014
דו שימושי,"צבע
שחור",עודכן היום,3,"קילומטראז'
42000","דרגת רשיון
A1 עד 47 כ""ס","בעלות נוכחית
פרטית",קרית שמונה,סוזוקי,וי-סטרום 250,"18,000 ₪",250,"טסט עד
01/2022",2018
דו שימושי,"צבע
שחור",עודכן היום,1,"קילומטראז'
3000","דרגת רשיון
A2 עד 125 סמ""ק/14 כ""ס","בעלות נוכחית
פרטית",רמת גן,ימאהה,MT125,"19,000 ₪",125,"טסט עד
11/2021",2020
ספורט/כביש,"צבע
צהוב",עודכן היום,6,"קילומטראז'
67500","דרגת רשיון
A ללא הגבלה","בעלות נוכחית
פרטית",באר שבע,הונדה,CBR600RR,"46,000 ₪",600,"טסט עד
06/2022",2012
ספורט/כביש,"צבע
שחור",עודכן היום,1,"קילומטראז'
6000","דרגת רשיון
A ללא הגבלה","מוכן להחלפה
לא",חולון,קאוואסאקי,Z900,"56,700 ₪",900,"בעלות נוכחית
פרטית",2021
ספורט/כביש,"צבע
שחור מטאלי",עודכן היום,3,"קילומטראז'
29000","דרגת רשיון
A ללא הגבלה","בעלות קודמת
פרטית",תל אביב יפו,דוקאטי,היפרמוטארד 821,"50,000 ₪",850,"בעלות נוכחית
פרטית",2016
דו שימושי,"טסט עד
01/2022",עודכן היום,5,"דרגת רשיון
A1 עד 47 כ""ס","צבע
כחול","בעלות קודמת
פרטית",אשדוד,הוסקוורנה,TE250,"31,000 ₪",250,"בעלות נוכחית
פרטית",2016
ספורט/כביש,"טסט עד
07/2022",עודכן היום,2,"קילומטראז'
34000","צבע
ירוק","בעלות קודמת
פרטית",רמת גן,קאוואסאקי,ZX-636R/6R,"66,000 ₪",600,"בעלות נוכחית
פרטית",2019
דו שימושי,"צבע
כתום",עודכן היום,4,"קילומטראז'
219","דרגת רשיון
A1 עד 47 כ""ס","בעלות נוכחית
פרטית",אשדוד,ק.ט.מ,250 EXC-F,"42,000 ₪",250,"טסט עד
11/2021",2017
דו שימושי,"צבע
שחור",עודכן היום,1,"קילומטראז'
3000","דרגת רשיון
A2 עד 125 סמ""ק/14 כ""ס","בעלות נוכחית
פרטית",רמת גן,אפריליה,RX125,"19,000 ₪",125,"טסט עד
11/2021",2020
ספורט/כביש,"צבע
כחול מטאלי",עודכן היום,3,"קילומטראז'
22000","דרגת רשיון
A ללא הגבלה","בעלות נוכחית
פרטית",קדימה צורן,ימאהה,YZF-R6,"80,000 ₪",600,"טסט עד
07/2022",2019
דו שימושי,"צבע
שחור",עודכן היום,8,"קילומטראז'
32000","דרגת רשיון
A1 עד 47 כ""ס","בעלות קודמת
פרטית",אשקלון,קאוואסאקי,KLX250S,"13,000 ₪",250,"בעלות נוכחית
פרטית",2010
ספורט/כביש,"צבע
שחור",עודכן היום,4,"קילומטראז'
45000","דרגת רשיון
A ללא הגבלה","בעלות נוכחית
פרטית",באר שבע,הונדה,CB650F,"28,500 ₪",650,"טסט עד
03/2022",2017
ספורט/כביש,"צבע
ירוק",עודכן היום,2,"קילומטראז'
12000","דרגת רשיון
A1 עד 47 כ""ס","בעלות נוכחית
פרטית",כפר קרע,קאוואסאקי,נינג'ה 400,"28,000 ₪",400,"טסט עד
06/2022",2019
ספורט/כביש,"צבע
שחור",עודכן היום,3,"קילומטראז'
60000","דרגת רשיון
A ללא הגבלה","בעלות קודמת
פרטית",פרדס חנה כרכור,הונדה,CBX750,"30,000 ₪",750,"בעלות נוכחית
פרטית",1977
ספורט/כביש,"צבע
שחור",עודכן היום,4,"קילומטראז'
7500","דרגת רשיון
A1 עד 47 כ""ס","בעלות קודמת
פרטית",אביגדור,הונדה,CBR500R,"29,000 ₪",500,"בעלות נוכחית
פרטית",2019
קסטום,"צבע
כתום",עודכן היום,1,"קילומטראז'
20000","דרגת רשיון
A1 עד 47 כ""ס","בעלות נוכחית
פרטית",תל אביב יפו,דוקאטי,סקרמבל קלאסיק,"37,000 ₪",400,"טסט עד
09/2021",2016
דו שימושי,"צבע
שחור",עודכן היום,4,"קילומטראז'
25000","דרגת רשיון
A ללא הגבלה","בעלות נוכחית
פרטית",בנימינה גבעת עדה,הונדה,CRF1000L אפריקה טווין,"70,000 ₪",1000,"טסט עד
01/2022",2017
ספורט/כביש,"צבע
כחול",עודכן היום,1,"קילומטראז'
11000","דרגת רשיון
A1 עד 47 כ""ס","בעלות נוכחית
פרטית",נתניה,CF,MOTO 400NK,"25,841 ₪",400,"טסט עד
04/2022",2021
ספורט/כביש,"צבע
ירוק מטאלי",עודכן היום,3,"קילומטראז'
18000","דרגת רשיון
A1 עד 47 כ""ס","בעלות קודמת
פרטית",נהריה,קאוואסאקי,Z900,"45,500 ₪",900,"בעלות נוכחית
פרטית",2019
ספורט/כביש,"צבע
לבן שנהב",עודכן היום,1,"קילומטראז'
47000","דרגת רשיון
A ללא הגבלה","בעלות נוכחית
פרטית",ראשון לציון,קאוואסאקי,Versys 650,"28,500 ₪",650,"טסט עד
05/2022",2015
מוטוקרוס,"צבע
אדום מטאלי",עודכן היום,2,"קילומטראז'
1000","דרגת רשיון
A2 עד 125 סמ""ק/14 כ""ס","בעלות קודמת
פרטית",דברת,מיני,בייק כללי,לא צוין מחיר,125,"בעלות נוכחית
פרטית",2019
מוטוקרוס,"צבע
אדום מטאלי",עודכן היום,2,"קילומטראז'
100","דרגת רשיון
A2 עד 125 סמ""ק/14 כ""ס","בעלות קודמת
פרטית",דברת,ק.ט.מ,SX 85,"8,000 ₪",125,"בעלות נוכחית
פרטית",2019
קסטום,"בעלות נוכחית
פרטית",עודכן היום,2,"דרגת רשיון
A ללא הגבלה","צבע
שחור מטאלי","מוכן להחלפה
לא",מעלות תרשיחא,ימאהה,XVS 950,לא צוין מחיר,1000,"בעלות קודמת
פרטית",2015
דו שימושי,"צבע
לבן שנהב",עודכן היום,2,"קילומטראז'
135","דרגת רשיון
A1 עד 47 כ""ס","בעלות נוכחית
פרטית",קיסריה,הוסקוורנה,TE250,"42,900 ₪",250,"טסט עד
02/2022",2018
דו שימושי,"צבע
צהוב מטאלי",עודכן היום,5,"קילומטראז'
155500","דרגת רשיון
A ללא הגבלה","בעלות נוכחית
פרטית",נתניה,הונדה,טרנסאלפ 700,"16,100 ₪",700,"טסט עד
05/2022",2009
קסטום,"צבע
שחור מטאלי",עודכן היום,1,"קילומטראז'
2050","דרגת רשיון
A1 עד 47 כ""ס","בעלות נוכחית
פרטית",בת חפר,בנלי,IMPERIALE 400,"33,000 ₪",400,"טסט עד
07/2022",2021
ספורט/כביש,"טסט עד
07/2022",עודכן היום,8,"קילומטראז'
49000","צבע
שחור מטאלי","בעלות קודמת
פרטית",ירושלים,קאוואסאקי,Z800R,לא צוין מחיר,800,"בעלות נוכחית
פרטית",2014
ספורט/כביש,"צבע
שחור מטאלי",עודכן היום,2,"קילומטראז'
14000","דרגת רשיון
A1 עד 47 כ""ס","בעלות נוכחית
פרטית",רחובות,הונדה,CB650R,"50,000 ₪",650,"טסט עד
09/2022",2020
קסטום,"צבע
כסוף",עודכן היום,2,"קילומטראז'
30000","דרגת רשיון
A ללא הגבלה","בעלות נוכחית
פרטית",תל אביב יפו,הרלי,דיווידסון דיינה לוו-ריידר 1585,"110,000 ₪",1500,"טסט עד
09/2021",2017
דו שימושי,"צבע
צהוב",עודכן היום,2,"קילומטראז'
34000","דרגת רשיון
A ללא הגבלה","בעלות נוכחית
פרטית",אשדוד,סוזוקי,DL650A וי-סטרום,"42,000 ₪",650,"טסט עד
08/2022",2018
ספורט/כביש,"צבע
שחור מטאלי",עודכן היום,1,"קילומטראז'
8800","דרגת רשיון
A ללא הגבלה","בעלות נוכחית
פרטית",אילת,קאוואסאקי,Z900,לא צוין מחיר,900,"טסט עד
10/2021",2019
ספורט/כביש,"צבע
שחור מטאלי",עודכן היום,3,"קילומטראז'
17800","דרגת רשיון
A ללא הגבלה","בעלות נוכחית
פרטית",כפר מנדא,ימאהה,MT 09,"51,000 ₪",900,"טסט עד
02/2022",2019
דו שימושי,"צבע
שחור מטאלי",עודכן היום,1,"קילומטראז'
2500","דרגת רשיון
A1 עד 47 כ""ס","בעלות נוכחית
פרטית",בת ים,סוזוקי,וי-סטרום 250,"27,500 ₪",250,"טסט עד
05/2022",2021
מוטוקרוס,"צבע
אדום",עודכן היום,1,"קילומטראז'
8","דרגת רשיון
A1 עד 47 כ""ס","בעלות נוכחית
פרטית",חיפה,גאס-גאס,EC250,"55,000 ₪",250,"טסט עד
08/2022",2021
ספורט/כביש,"צבע
כחול מטאלי",עודכן היום,4,"קילומטראז'
34000","דרגת רשיון
A ללא הגבלה","בעלות נוכחית
פרטית",ירושלים,ימאהה,MT 09,"47,900 ₪",900,"טסט עד
06/2022",2018
דו שימושי,"צבע
כחול",עודכן היום,1,"קילומטראז'
35000","דרגת רשיון
A ללא הגבלה","מוכן להחלפה
לא",כרמיאל,הונדה,NC750X,"39,000 ₪",750,"בעלות נוכחית
פרטית",2017
דו שימושי,"טסט עד
11/2021",עודכן היום,1,"קילומטראז'
8000","צבע
צהוב","מוכן להחלפה
לא",ראשון לציון,סוזוקי,DL1000 וי-סטרום,"92,000 ₪",1000,"בעלות נוכחית
פרטית",2020
קסטום,"צבע
זהב מטאלי",עודכן היום,1,"קילומטראז'
80000","דרגת רשיון
A ללא הגבלה","בעלות נוכחית
פרטית",כרמיאל,הונדה,GL1800 גולד-ווינג,"39,000 ₪",1500,"טסט עד
04/2022",1988
קסטום,"צבע
ברונזה",עודכן היום,1,"קילומטראז'
5000","דרגת רשיון
A ללא הגבלה","בעלות נוכחית
פרטית",תל אביב יפו,הרלי,דיווידסון ספורטסטר 883,"55,000 ₪",880,"טסט עד
08/2021",2019
ספורט/כביש,"צבע
שחור",עודכן היום,1,"קילומטראז'
1626","דרגת רשיון
A1 עד 47 כ""ס","בעלות נוכחית
פרטית",יסוד המעלה,אחר,כללי,"40,000 ₪",500,"טסט עד
10/2021",2020
ספורט/כביש,"צבע
לבן פנינה",עודכן היום,2,"קילומטראז'
31000","דרגת רשיון
A ללא הגבלה","בעלות נוכחית
פרטית",פתח תקווה,MV,Agusta Brutal 675,"38,000 ₪",700,"טסט עד
10/2021",2016
דו שימושי,"צבע
לבן פנינה",עודכן היום,4,"קילומטראז'
135000","דרגת רשיון
A ללא הגבלה","בעלות נוכחית
פרטית",פתח תקווה,ב.מ.וו,G650GS,"18,500 ₪",650,"טסט עד
08/2022",2011
ספורט/כביש,"צבע
שחור",עודכן היום,2,"קילומטראז'
17000","דרגת רשיון
A ללא הגבלה","בעלות נוכחית
פרטית",לכיש,קאוואסאקי,נינג'ה 650,"30,000 ₪",650,"טסט עד
08/2022",2019
דו שימושי,"בעלות נוכחית
פרטית",עודכן היום,4,"קילומטראז'
76000","צבע
כחול","מוכן להחלפה
לא",אורנית,ק.ט.מ,אדוונצ'ר 990 ABS דקאר,"55,000 ₪",1000,"בעלות קודמת
פרטית",2011
דו שימושי,"טסט עד
03/2022",עודכן היום,7,"קילומטראז'
75500","צבע
אפור מטאלי","בעלות קודמת
פרטית",חולון,דוקאטי,מולטיסטרדה 1200S,לא צוין מחיר,1200,"בעלות נוכחית
פרטית",2012
קסטום,"בעלות נוכחית
פרטית",עודכן היום,2,"קילומטראז'
60000","צבע
שחור","מוכן להחלפה
לא",בת ים,הרלי,דיווידסון סופטייל רוקר 1585,לא צוין מחיר,1500,"בעלות קודמת
פרטית",2009
דו שימושי,"צבע
ירוק",עודכן היום,2,"קילומטראז'
26000","דרגת רשיון
A2 עד 125 סמ""ק/14 כ""ס","בעלות נוכחית
פרטית",רמלה,קימקו,קוואנון 125,"8,000 ₪",125,"טסט עד
03/2022",2020
ספורט/כביש,"צבע
שחור",עודכן היום,6,"קילומטראז'
25000","דרגת רשיון
A ללא הגבלה","בעלות נוכחית
פרטית",שדרות,ימאהה,MT-10,"46,000 ₪",1000,"טסט עד
02/2022",2017
דו שימושי,"צבע
שחור מטאלי",עודכן היום,1,"קילומטראז'
16000","דרגת רשיון
A ללא הגבלה","בעלות נוכחית
פרטית",הוד השרון,קאוואסאקי,Versys 1000,"85,000 ₪",1000,"טסט עד
07/2022",2020
ספורט/כביש,"צבע
כחול כהה מטאלי",עודכן היום,2,"קילומטראז'
6400","דרגת רשיון
A ללא הגבלה","בעלות נוכחית
פרטית",ארז,ימאהה,MT-10,"82,900 ₪",1000,"טסט עד
08/2022",2020
קסטום,"צבע
שחור",עודכן היום,1,"קילומטראז'
3000","דרגת רשיון
A1 עד 47 כ""ס","בעלות נוכחית
פרטית",חיפה,הונדה,CMX 500 רבל,"42,000 ₪",500,"טסט עד
08/2022",2020
ספורט/כביש,"צבע
שחור",עודכן היום,1,"קילומטראז'
5500","דרגת רשיון
A ללא הגבלה","בעלות נוכחית
פרטית",גדרה,קאוואסאקי,Versys 650,"40,000 ₪",650,"טסט עד
11/2021",2020
קסטום,"טסט עד
08/2022",עודכן היום,3,"דרגת רשיון
A ללא הגבלה","צבע
אדום","בעלות קודמת
פרטית",גן יבנה,אינדיאן,Scout,לא צוין מחיר,1150,"בעלות נוכחית
פרטית",2020
דו שימושי,"צבע
שחור",עודכן היום,2,"קילומטראז'
2500","דרגת רשיון
A1 עד 47 כ""ס","בעלות קודמת
פרטית",רמת גן,קאוואסאקי,Versys-X 300,"28,500 ₪",300,"בעלות נוכחית
פרטית",2020
ספורט/כביש,"צבע
שחור",עודכן היום,3,"קילומטראז'
32000","דרגת רשיון
A ללא הגבלה","בעלות נוכחית
פרטית",מוקייבלה,הונדה,CBR650R,"48,000 ₪",650,"טסט עד
03/2022",2019
דו שימושי,"טסט עד
07/2022",עודכן היום,2,"קילומטראז'
110000","צבע
שחור","בעלות קודמת
פרטית",יהוד מונוסון,הונדה,NC750X,"25,000 ₪",750,"בעלות נוכחית
פרטית",2016
דו שימושי,"צבע
אדום מטאלי",עודכן היום,2,"קילומטראז'
20000","דרגת רשיון
A1 עד 47 כ""ס","בעלות נוכחית
פרטית",גבעתיים,בנלי,LEONCINO500,"29,000 ₪",500,"טסט עד
07/2022",2018
ספורט/כביש,"צבע
כחול",עודכן היום,1,"קילומטראז'
7000","דרגת רשיון
A ללא הגבלה","בעלות נוכחית
פרטית",תל אביב יפו,ימאהה,YZF-R1,"106,000 ₪",1000,"טסט עד
04/2022",2019
מוטוקרוס,"בעלות נוכחית
פרטית",עודכן היום,2,"דרגת רשיון
A1 עד 47 כ""ס","צבע
כחול","מוכן להחלפה
לא",באר טוביה,ימאהה,YZ,"33,000 ₪",450,"בעלות קודמת
פרטית",2020
קסטום,"צבע
שחור",עודכן היום,3,"קילומטראז'
39000","דרגת רשיון
A ללא הגבלה","בעלות נוכחית
פרטית",ירושלים,ימאהה,XVS 950,"27,000 ₪",1000,"טסט עד
02/2022",2015
ספורט/כביש,"צבע
שחור",עודכן היום,3,"קילומטראז'
28500","דרגת רשיון
A ללא הגבלה","בעלות נוכחית
פרטית",פתח תקווה,סוזוקי,SV650A,"28,000 ₪",650,"טסט עד
05/2022",2018
ספורט/כביש,"צבע
ירוק מטאלי",עודכן היום,1,"קילומטראז'
2000","דרגת רשיון
A1 עד 47 כ""ס","בעלות נוכחית
פרטית",נצרת עילית / נוף הגליל,קאוואסאקי,נינג'ה 650,"42,500 ₪",650,"טסט עד
03/2022",2021
ספורט/כביש,"צבע
שחור מטאלי",עודכן היום,3,"קילומטראז'
62000","דרגת רשיון
A ללא הגבלה","בעלות נוכחית
פרטית",באר שבע,קאוואסאקי,ZX-6R,"53,000 ₪",600,"טסט עד
09/2022",2015
דו שימושי,"צבע
לבן",עודכן היום,7,"קילומטראז'
6","דרגת רשיון
A2 עד 125 סמ""ק/14 כ""ס","בעלות קודמת
חברה",חולון,הוסקוורנה,TE125,"38,000 ₪",125,"בעלות נוכחית
פרטית",2015
דו שימושי,"צבע
ירוק מטאלי",03/09/2021,1,"קילומטראז'
19000","דרגת רשיון
A ללא הגבלה","בעלות נוכחית
פרטית",חבר,ב.מ.וו,R1250GS אדוונצר,"145,000 ₪",1250,"טסט עד
05/2022",2020
דו שימושי,"טסט עד
05/2022",03/09/2021,1,"קילומטראז'
6500","צבע
לבן מטאלי","מוכן להחלפה
לא",כרמיאל,הונדה,CB500X,"44,550 ₪",500,"בעלות נוכחית
פרטית",2021
מוטוקרוס,"צבע
לבן",03/09/2021,2,"קילומטראז'
138","דרגת רשיון
A1 עד 47 כ""ס","בעלות נוכחית
פרטית",מודיעין מכבים רעות,ק.ט.מ,250 EXC-F,"40,000 ₪",250,"טסט עד
05/2022",2016
ספורט/כביש,"צבע
שחור מטאלי",03/09/2021,3,"קילומטראז'
11900","דרגת רשיון
A ללא הגבלה","בעלות קודמת
פרטית",אור יהודה,סוזוקי,GSXS750,לא צוין מחיר,750,"בעלות נוכחית
פרטית",2020
ספורט/כביש,"צבע
לבן מטאלי",03/09/2021,2,"קילומטראז'
1500","דרגת רשיון
A ללא הגבלה","בעלות נוכחית
פרטית",נתניה,הונדה,CB650F,לא צוין מחיר,650,"טסט עד
04/2022",2018
מוטוקרוס,"בעלות נוכחית
פרטית",03/09/2021,2,"קילומטראז'
102","צבע
לבן","מוכן להחלפה
לא",עין ורד,הוסקוורנה,TE125,"26,500 ₪",125,"בעלות קודמת
פרטית",2018
קסטום,"צבע
שחור",03/09/2021,2,"קילומטראז'
25000","דרגת רשיון
A ללא הגבלה","בעלות קודמת
פרטית",תל אביב יפו,הרלי,דיווידסון ספורטסטר 883,לא צוין מחיר,880,"בעלות נוכחית
פרטית",2016
ספורט/כביש,"צבע
שחור",03/09/2021,7,"קילומטראז'
54000","דרגת רשיון
A1 עד 47 כ""ס","בעלות נוכחית
פרטית",תל אביב יפו,ק.ט.מ,דיוק 690R,"10,000 ₪",700,"טסט עד
04/2022",2012
ספורט/כביש,"צבע
תכלת מטאלי",03/09/2021,5,"קילומטראז'
23000","דרגת רשיון
A ללא הגבלה","בעלות נוכחית
פרטית",נצרת עילית / נוף הגליל,ימאהה,MT 09,"42,600 ₪",900,"טסט עד
07/2022",2017
ספורט/כביש,"צבע
כחול כהה מטאלי",03/09/2021,8,"קילומטראז'
114450","דרגת רשיון
A ללא הגבלה","בעלות נוכחית
פרטית",תל אביב יפו,ימאהה,פייזר 600,"15,499 ₪",600,"טסט עד
12/2022",2002
ספורט/כביש,"צבע
שחור מטאלי",03/09/2021,1,"קילומטראז'
37000","דרגת רשיון
A ללא הגבלה","בעלות נוכחית
פרטית",תל אביב יפו,אפריליה,שיבר 750 GT,לא צוין מחיר,750,"טסט עד
03/2022",2016
ספורט/כביש,"צבע
כתום",03/09/2021,3,"קילומטראז'
30000","דרגת רשיון
A1 עד 47 כ""ס","בעלות נוכחית
פרטית",חיפה,ק.ט.מ,דיוק 390,"16,000 ₪",400,"טסט עד
05/2022",2019
דו שימושי,"צבע
לבן",03/09/2021,2,"קילומטראז'
19990","דרגת רשיון
A ללא הגבלה","בעלות נוכחית
פרטית",בת ים,ב.מ.וו,F-850GS,"83,000 ₪",850,"טסט עד
06/2022",2019
ספורט/כביש,"צבע
לבן",03/09/2021,3,"קילומטראז'
49000","דרגת רשיון
A1 עד 47 כ""ס","בעלות נוכחית
פרטית",כפר כמא,קימקו,אחר,"11,000 ₪",250,"טסט עד
03/2022",2017
ספורט/כביש,"צבע
שחור",03/09/2021,2,"קילומטראז'
17000","דרגת רשיון
A ללא הגבלה","בעלות נוכחית
פרטית",הרצליה,ימאהה,MT 09,"60,000 ₪",900,"טסט עד
07/2022",2019
ספורט/כביש,"צבע
שחור",03/09/2021,2,"קילומטראז'
7000","דרגת רשיון
A2 עד 125 סמ""ק/14 כ""ס","בעלות קודמת
פרטית",רמת גן,הונדה,MSX125,"8,000 ₪",125,"בעלות נוכחית
פרטית",2016
דו שימושי,"צבע
כחול",03/09/2021,2,"קילומטראז'
6000","דרגת רשיון
A1 עד 47 כ""ס","בעלות נוכחית
פרטית",ספסופה,ימאהה,WR400/426/450F,"37,000 ₪",500,"טסט עד
11/2021",2018
קסטום,"צבע
אפור מטאלי",03/09/2021,3,"קילומטראז'
29000","דרגת רשיון
A1 עד 47 כ""ס","בעלות נוכחית
פרטית",תל אביב יפו,הונדה,CMX 500 רבל,"29,700 ₪",500,"טסט עד
12/2021",2017
ספורט/כביש,"צבע
לבן",03/09/2021,3,"קילומטראז'
28000","דרגת רשיון
A1 עד 47 כ""ס","בעלות נוכחית
פרטית",נתניה,ק.ט.מ,דיוק 690,"26,000 ₪",700,"טסט עד
06/2022",2017
דו שימושי,"צבע
אפור עכבר",03/09/2021,5,"קילומטראז'
158000","דרגת רשיון
A ללא הגבלה","בעלות נוכחית
פרטית",פתח תקווה,הונדה,טרנסאלפ 650,"11,900 ₪",650,"טסט עד
12/2021",2006
ספורט/כביש,"צבע
אדום מטאלי",03/09/2021,2,"קילומטראז'
11500","דרגת רשיון
A ללא הגבלה","בעלות קודמת
פרטית",ראשון לציון,סוזוקי,GSXS750,"53,000 ₪",750,"בעלות נוכחית
פרטית",2020
דו שימושי,"צבע
לבן פנינה",03/09/2021,4,"קילומטראז'
41000","דרגת רשיון
A ללא הגבלה","בעלות נוכחית
פרטית",עפולה,ק.ט.מ,אדוונצ'ר 1290T,"75,000 ₪",1250,"טסט עד
05/2022",2017
דו שימושי,"צבע
כחול מטאלי",03/09/2021,2,"קילומטראז'
58000","דרגת רשיון
A ללא הגבלה","בעלות נוכחית
פרטית",תל אביב יפו,ב.מ.וו,R1200GS,"118,000 ₪",1200,"טסט עד
11/2021",2018
ספורט/כביש,"צבע
שחור",03/09/2021,1,"קילומטראז'
1000","דרגת רשיון
A1 עד 47 כ""ס","בעלות נוכחית
פרטית",אום אל פחם,קאוואסאקי,Versys 650,לא צוין מחיר,650,"טסט עד
05/2022",2020
ספורט/כביש,"צבע
שחור מטאלי",03/09/2021,2,"קילומטראז'
39000","דרגת רשיון
A1 עד 47 כ""ס","בעלות נוכחית
פרטית",זרזיר,סאן,יאנג קרוזים 250ABS,"15,500 ₪",300,"טסט עד
03/2022",2018
דו שימושי,"צבע
כסוף",03/09/2021,2,"קילומטראז'
94000","דרגת רשיון
A1 עד 47 כ""ס","בעלות נוכחית
פרטית",ראשון לציון,ימאהה,XT660Z טנרה,"25,000 ₪",700,"טסט עד
07/2022",2017
ספורט/כביש,"צבע
אפור",03/09/2021,3,"קילומטראז'
18000","דרגת רשיון
A ללא הגבלה","בעלות נוכחית
פרטית",ראש העין,ימאהה,MT-10,"53,000 ₪",1000,"טסט עד
06/2022",2016
ספורט/כביש,"צבע
ירוק",03/09/2021,4,"קילומטראז'
49000","דרגת רשיון
A1 עד 47 כ""ס","בעלות נוכחית
פרטית",ירושלים,קאוואסאקי,נינג'ה 250R,"13,000 ₪",250,"טסט עד
03/2022",2012
ספורט/כביש,"צבע
שחור מטאלי",03/09/2021,2,"קילומטראז'
36000","דרגת רשיון
A1 עד 47 כ""ס","בעלות נוכחית
פרטית",עפולה,קאוואסאקי,Z300,"16,000 ₪",300,"טסט עד
06/2022",2017
ספורט/כביש,"צבע
אפור מטאלי",03/09/2021,9,"קילומטראז'
95000","דרגת רשיון
A ללא הגבלה","בעלות נוכחית
פרטית",אשדוד,סוזוקי,SV650S,לא צוין מחיר,650,"טסט עד
06/2022",2007
דו שימושי,"צבע
לבן",03/09/2021,2,"קילומטראז'
36000","דרגת רשיון
A ללא הגבלה","בעלות נוכחית
פרטית",רעננה,סוזוקי,DL650 וי-סטרום,"39,000 ₪",650,"טסט עד
02/2022",2018
ספורט/כביש,"צבע
שחור מטאלי",03/09/2021,8,"קילומטראז'
63000","דרגת רשיון
A ללא הגבלה","בעלות נוכחית
פרטית",שלומי,קאוואסאקי,ZX-12R,"31,000 ₪",1200,"טסט עד
04/2022",2003
קסטום,"צבע
שחור",03/09/2021,2,"קילומטראז'
35000","דרגת רשיון
A1 עד 47 כ""ס","בעלות נוכחית
פרטית",תל אביב יפו,הונדה,CMX 500 רבל,"35,000 ₪",500,"טסט עד
07/2022",2019
ספורט/כביש,"צבע
שחור",03/09/2021,1,"קילומטראז'
7800","דרגת רשיון
A1 עד 47 כ""ס","בעלות נוכחית
פרטית",רמלה,סוזוקי,GSX- R250,"21,500 ₪",250,"טסט עד
01/2022",2019
דו שימושי,"צבע
שחור מטאלי",03/09/2021,3,"קילומטראז'
147000","דרגת רשיון
A ללא הגבלה","בעלות נוכחית
פרטית",מבשרת ציון,סוזוקי,DL650 וי-סטרום,"12,000 ₪",650,"טסט עד
10/2022",2005
קסטום,"צבע
שחור",03/09/2021,2,"קילומטראז'
8500","דרגת רשיון
A ללא הגבלה","בעלות נוכחית
פרטית",פרדס חנה כרכור,הרלי,דיווידסון סופרסטאר 1200 Seventy Two,"105,000 ₪",1200,"טסט עד
02/2022",2017
דו שימושי,"צבע
כסוף",03/09/2021,3,"קילומטראז'
170000","דרגת רשיון
A ללא הגבלה","בעלות נוכחית
פרטית",ירושלים,ב.מ.וו,F800GS,"27,500 ₪",800,"טסט עד
06/2022",2009
דו שימושי,"טסט עד
03/2022",03/09/2021,1,"דרגת רשיון
A2 עד 125 סמ""ק/14 כ""ס","צבע
שחור מטאלי","מוכן להחלפה
כן",נתניה,סאן,יאנג סימפוני 125,"2,000 ₪",125,"בעלות נוכחית
פרטית",2016
דו שימושי,"צבע
אדום",03/09/2021,3,"קילומטראז'
16300","דרגת רשיון
A1 עד 47 כ""ס","בעלות נוכחית
פרטית",כפר כמא,הונדה,CRF250L,"18,500 ₪",250,"טסט עד
01/2022",2017
ספורט/כביש,"צבע
כתום",03/09/2021,3,"קילומטראז'
24000","דרגת רשיון
A1 עד 47 כ""ס","בעלות נוכחית
פרטית",נתניה,ק.ט.מ,דיוק 200,"8,000 ₪",200,"טסט עד
06/2022",2017
דו שימושי,"צבע
כחול",03/09/2021,4,"קילומטראז'
20500","דרגת רשיון
A1 עד 47 כ""ס","בעלות נוכחית
פרטית",תל מונד,ימאהה,XT350,"10,000 ₪",350,"טסט עד
10/2021",1998
קסטום,"צבע
שחור מטאלי",03/09/2021,2,"קילומטראז'
74000","דרגת רשיון
A ללא הגבלה","בעלות קודמת
פרטית",הרצליה,הרלי,דיווידסון ספורטסטר 883,"42,000 ₪",900,"בעלות נוכחית
פרטית",2005
ספורט/כביש,"צבע
צהוב מטאלי",03/09/2021,1,"קילומטראז'
35000","דרגת רשיון
A ללא הגבלה","בעלות נוכחית
פרטית",הרצליה,הונדה,CB650F,"27,000 ₪",650,"טסט עד
05/2022",2016
דו שימושי,"צבע
אדום",03/09/2021,1,"קילומטראז'
1680","דרגת רשיון
A1 עד 47 כ""ס","בעלות נוכחית
פרטית",חיפה,הונדה,CB500X,"48,500 ₪",500,"טסט עד
01/2023",2021
ספורט/כביש,"טסט עד
05/2022",03/09/2021,4,"דרגת רשיון
A ללא הגבלה","צבע
אפור עכבר","בעלות קודמת
פרטית",חיפה,סוזוקי,DL650 וי-סטרום,"19,700 ₪",650,"בעלות נוכחית
פרטית",2010
דו שימושי,"צבע
כחול",03/09/2021,3,"קילומטראז'
19000","דרגת רשיון
A1 עד 47 כ""ס","בעלות נוכחית
פרטית",בנימינה גבעת עדה,ימאהה,WR250R,"24,000 ₪",250,"טסט עד
08/2022",2016
ספורט/כביש,"צבע
אפור עכבר",03/09/2021,2,"קילומטראז'
15750","דרגת רשיון
A1 עד 47 כ""ס","בעלות נוכחית
פרטית",באקה אל ע'רביה,קאוואסאקי,נינג'ה 650,"37,000 ₪",650,"טסט עד
03/2022",2020
דו שימושי,"צבע
כתום",03/09/2021,3,"קילומטראז'
330","דרגת רשיון
A1 עד 47 כ""ס","בעלות נוכחית
פרטית",רכסים,ק.ט.מ,EXC-F 350,"32,000 ₪",350,"טסט עד
10/2021",2015
ספורט/כביש,"צבע
ירוק בהיר",03/09/2021,1,"קילומטראז'
14300","דרגת רשיון
A1 עד 47 כ""ס","בעלות נוכחית
פרטית",נתניה,קאוואסאקי,נינג'ה 400,"28,000 ₪",400,"טסט עד
05/2022",2018
דו שימושי,"צבע
כחול",03/09/2021,3,"קילומטראז'
33500","דרגת רשיון
A1 עד 47 כ""ס","בעלות נוכחית
פרטית",חדרה,הונדה,CBF250,"7,500 ₪",250,"טסט עד
05/2022",2006
דו שימושי,"צבע
כתום",03/09/2021,3,"קילומטראז'
140","דרגת רשיון
A1 עד 47 כ""ס","בעלות נוכחית
פרטית",הרצליה,ק.ט.מ,EXC-F 350,"39,000 ₪",350,"טסט עד
10/2021",2017
דו שימושי,"טסט עד
12/2021",03/09/2021,6,"קילומטראז'
96000","צבע
כחול כהה מטאלי","בעלות קודמת
פרטית",באר שבע,קאוואסאקי,KLE500,"13,000 ₪",500,"בעלות נוכחית
פרטית",2007
ספורט/כביש,"צבע
אפור עכבר",03/09/2021,3,"קילומטראז'
42000","דרגת רשיון
A ללא הגבלה","בעלות נוכחית
פרטית",ראש העין,ימאהה,MT 09 TRACER,"50,000 ₪",900,"טסט עד
06/2022",2018
דו שימושי,"טסט עד
05/2022",03/09/2021,4,"קילומטראז'
60500","צבע
כתום","בעלות קודמת
פרטית",ירושלים,סוזוקי,DL650 וי-סטרום,"27,000 ₪",650,"בעלות נוכחית
פרטית",2013
ספורט/כביש,"טסט עד
08/2021",03/09/2021,6,"דרגת רשיון
A2 עד 125 סמ""ק/14 כ""ס","צבע
אדום","בעלות קודמת
פרטית",ראש העין,סוזוקי,אחר,לא צוין מחיר,125,"בעלות נוכחית
פרטית",1984
דו שימושי,"טסט עד
01/2022",03/09/2021,1,"דרגת רשיון
A1 עד 47 כ""ס","צבע
לבן","מוכן להחלפה
לא",טבריה,ק.ט.מ,300 EXC-E,"66,000 ₪",300,"בעלות נוכחית
פרטית",2021
ספורט/כביש,"צבע
שחור",03/09/2021,1,"קילומטראז'
4500","דרגת רשיון
A ללא הגבלה","בעלות נוכחית
פרטית",תל אביב יפו,דוקאטי,סקרמבלר קפה רייסר,"56,000 ₪",800,"טסט עד
09/2021",2017
דו שימושי,"צבע
שחור מטאלי",03/09/2021,2,"קילומטראז'
27000","דרגת רשיון
A ללא הגבלה","בעלות קודמת
פרטית",בית שמש,הרלי,דיווידסון אחר,"170,000 ₪",1800,"בעלות נוכחית
פרטית",2018
ספורט/כביש,"צבע
אפור",03/09/2021,9,"קילומטראז'
151000","דרגת רשיון
A ללא הגבלה","בעלות נוכחית
פרטית",נהורה,קאוואסאקי,ZZR1400,"27,000 ₪",1400,"טסט עד
08/2022",2006
ספורט/כביש,"צבע
ירוק בהיר",03/09/2021,5,"קילומטראז'
18157","דרגת רשיון
A1 עד 47 כ""ס","בעלות נוכחית
פרטית",נתיבות,קאוואסאקי,נינג'ה 250R,"13,000 ₪",250,"טסט עד
09/2021",2017
דו שימושי,"צבע
אדום",03/09/2021,7,"קילומטראז'
27000","דרגת רשיון
A1 עד 47 כ""ס","בעלות נוכחית
פרטית",קצרין,הונדה,CRF250 RALLY,"18,500 ₪",250,"טסט עד
04/2022",2017
קסטום,"צבע
שחור מטאלי",03/09/2021,3,"קילומטראז'
3500","דרגת רשיון
A ללא הגבלה","בעלות נוכחית
פרטית",הרצליה,אינדיאן,Scout Bobber,"89,000 ₪",1200,"טסט עד
08/2022",2020
ספורט/כביש,"צבע
לבן מטאלי",03/09/2021,3,"קילומטראז'
25000","דרגת רשיון
A ללא הגבלה","בעלות נוכחית
פרטית",ירושלים,הונדה,אחר,"126,000 ₪",1100,"טסט עד
09/2022",2016
דו שימושי,"צבע
כחול בהיר מטאלי",03/09/2021,2,"קילומטראז'
2000","דרגת רשיון
A ללא הגבלה","בעלות נוכחית
פרטית",יבנה,CF,MOTO 650MT,"28,900 ₪",650,"טסט עד
03/2022",2020
ספורט/כביש,"צבע
שחור",03/09/2021,2,"קילומטראז'
36000","דרגת רשיון
A ללא הגבלה","בעלות נוכחית
פרטית",מעלות תרשיחא,קאוואסאקי,Z900,"48,000 ₪",900,"טסט עד
08/2022",2019
ספורט/כביש,"צבע
כחול מטאלי",03/09/2021,2,"קילומטראז'
5000","דרגת רשיון
A ללא הגבלה","בעלות נוכחית
פרטית",חיפה,ימאהה,YZF-R1,"112,000 ₪",1000,"טסט עד
11/2021",2019
דו שימושי,"צבע
אפור מטאלי",03/09/2021,2,"קילומטראז'
69000","דרגת רשיון
A1 עד 47 כ""ס","בעלות נוכחית
פרטית",ראש פינה,ימאהה,XT660Z טנרה,"25,000 ₪",650,"טסט עד
07/2022",2017
דו שימושי,"טסט עד
08/2022",03/09/2021,3,"קילומטראז'
209","צבע
לבן","בעלות קודמת
פרטית",תל אביב יפו,הוסקוורנה,TE250,"33,000 ₪",250,"בעלות נוכחית
פרטית",2016
ספורט/כביש,"צבע
שחור",03/09/2021,2,"קילומטראז'
45000","דרגת רשיון
A ללא הגבלה","בעלות נוכחית
פרטית",חיפה,ימאהה,MT-07 TRACER,"39,000 ₪",700,"טסט עד
12/2021",2018
דו שימושי,"צבע
כחול",03/09/2021,9,"קילומטראז'
81000","דרגת רשיון
A ללא הגבלה","בעלות נוכחית
פרטית",נתניה,הונדה,XRV750 אפריקה טווין,לא צוין מחיר,650,"טסט עד
01/2022",1981
ספורט/כביש,"צבע
שחור מטאלי",03/09/2021,5,"קילומטראז'
195000","דרגת רשיון
A ללא הגבלה","בעלות נוכחית
פרטית",תל אביב יפו,קאוואסאקי,GTR1400,"25,000 ₪",1400,"טסט עד
12/2022",2008
ספורט/כביש,"צבע
לבן",03/09/2021,1,"קילומטראז'
4300","דרגת רשיון
A ללא הגבלה","בעלות נוכחית
פרטית",רחובות,דוקאטי,מונסטר 797,"53,000 ₪",800,"טסט עד
10/2021",2020
קסטום,"צבע
שחור",03/09/2021,2,"קילומטראז'
13500","דרגת רשיון
A ללא הגבלה","בעלות נוכחית
פרטית",רחובות,קאוואסאקי,Vulcan S,"39,000 ₪",650,"טסט עד
04/2022",2019
מוטוקרוס,"בעלות נוכחית
פרטית",03/09/2021,2,"קילומטראז'
245","צבע
כחול","מוכן להחלפה
לא",רמת גן,ימאהה,YZF250,"24,000 ₪",250,"בעלות קודמת
פרטית",2017
דו שימושי,"צבע
שחור",03/09/2021,7,"קילומטראז'
27500","דרגת רשיון
A1 עד 47 כ""ס","בעלות נוכחית
פרטית",ירושלים,הונדה,CRF250L,"12,250 ₪",250,"טסט עד
02/2022",2013
ספורט/כביש,"צבע
שחור",03/09/2021,1,"קילומטראז'
8500","דרגת רשיון
A ללא הגבלה","בעלות נוכחית
פרטית",רמת גן,ימאהה,MT-10,לא צוין מחיר,1000,"טסט עד
02/2022",2020
ספורט/כביש,"צבע
ירוק",03/09/2021,2,"קילומטראז'
30000","דרגת רשיון
A1 עד 47 כ""ס","בעלות נוכחית
פרטית",ירושלים,קאוואסאקי,נינג'ה 300,"21,000 ₪",300,"טסט עד
11/2021",2016
קסטום,"צבע
שחור",03/09/2021,4,"קילומטראז'
30080","דרגת רשיון
A ללא הגבלה","בעלות נוכחית
פרטית",גן יבנה,גולדן,מוטורסיק CHOPPER,"30,000 ₪",1100,"טסט עד
02/2022",1982
דו שימושי,"צבע
שחור מטאלי",03/09/2021,3,"קילומטראז'
119000","דרגת רשיון
A ללא הגבלה","בעלות נוכחית
פרטית",אריאל,הונדה,טרנסאלפ 700,"21,000 ₪",700,"טסט עד
12/2021",2011
ספורט/כביש,"צבע
שחור מטאלי",03/09/2021,2,"קילומטראז'
28000","דרגת רשיון
A ללא הגבלה","בעלות נוכחית
פרטית",תל אביב יפו,ימאהה,MT 07,"31,000 ₪",700,"טסט עד
09/2022",2015
ספורט/כביש,"צבע
לבן",03/09/2021,3,"קילומטראז'
32000","דרגת רשיון
A ללא הגבלה","בעלות נוכחית
פרטית",שדרות,ב.מ.וו,S1000RR,"112,000 ₪",1000,"טסט עד
02/2022",2016
ספורט/כביש,"צבע
לבן",03/09/2021,1,"קילומטראז'
5650","דרגת רשיון
A2 עד 125 סמ""ק/14 כ""ס","בעלות נוכחית
פרטית",אור יהודה,ק.ט.מ,דיוק 125,"17,000 ₪",125,"טסט עד
08/2022",2019
ספורט/כביש,"צבע
שחור",03/09/2021,5,"קילומטראז'
49650","דרגת רשיון
A ללא הגבלה","בעלות נוכחית
פרטית",אילת,קאוואסאקי,ER-6F,"12,500 ₪",650,"טסט עד
03/2022",2010
מוטוקרוס,"בעלות נוכחית
פרטית",03/09/2021,3,"קילומטראז'
1","צבע
אדום מטאלי","מוכן להחלפה
לא",נתיבות,הונדה,CRF250R,"18,500 ₪",250,"בעלות קודמת
פרטית",2014
דו שימושי,"צבע
כסוף",03/09/2021,1,"קילומטראז'
11000","דרגת רשיון
A1 עד 47 כ""ס","בעלות נוכחית
פרטית",נווה ירק,הונדה,CB500X,"33,000 ₪",500,"טסט עד
09/2022",2018
ספורט/כביש,"צבע
כחול מטאלי",03/09/2021,3,"קילומטראז'
39000","דרגת רשיון
A ללא הגבלה","בעלות נוכחית
פרטית",תל אביב יפו,קאוואסאקי,Z800R,לא צוין מחיר,800,"טסט עד
03/2022",2016
ספורט/כביש,"צבע
שחור",03/09/2021,3,"קילומטראז'
7512","דרגת רשיון
A2 עד 125 סמ""ק/14 כ""ס","בעלות קודמת
פרטית",תל אביב יפו,קימקו,אחר,"3,500 ₪",125,"בעלות נוכחית
פרטית",2015
דו שימושי,"טסט עד
07/2021",03/09/2021,6,"קילומטראז'
55000","צבע
לבן","בעלות קודמת
פרטית",ראש העין,ימאהה,X-MAX 250 MOMO,לא צוין מחיר,250,"בעלות נוכחית
פרטית",2012
ספורט/כביש,"צבע
שחור",03/09/2021,3,"קילומטראז'
11954","דרגת רשיון
A1 עד 47 כ""ס","בעלות קודמת
פרטית",חיפה,סוזוקי,GSX- R250,"17,349 ₪",250,"בעלות נוכחית
פרטית",2018
דו שימושי,"טסט עד
06/2023",03/09/2021,4,"קילומטראז'
60000","צבע
לבן","בעלות קודמת
פרטית",תל אביב יפו,סאן,יאנג ג'וי מקס ספורט 125,"6,000 ₪",125,"בעלות נוכחית
פרטית",2015
דו שימושי,"טסט עד
03/2022",03/09/2021,1,"קילומטראז'
80","צבע
אדום","מוכן להחלפה
לא",הוד השרון,בטא,RR300,"45,000 ₪",300,"בעלות נוכחית
פרטית",2020
מוטוקרוס,"צבע
אדום",03/09/2021,2,"קילומטראז'
80","דרגת רשיון
A1 עד 47 כ""ס","בעלות קודמת
פרטית",נהורה,הונדה,CRF450R,"27,000 ₪",450,"בעלות נוכחית
פרטית",2018
קסטום,"צבע
כסוף מטאלי",03/09/2021,10,"קילומטראז'
99000","דרגת רשיון
A ללא הגבלה","בעלות נוכחית
פרטית",נתיבות,סוזוקי,אינטרודר 750,"32,000 ₪",800,"טסט עד
01/2022",1994
דו שימושי,"צבע
שחור מטאלי",03/09/2021,2,"קילומטראז'
70000","דרגת רשיון
A ללא הגבלה","בעלות נוכחית
פרטית",תל אביב יפו,ב.מ.וו,F800GS,"50,000 ₪",800,"טסט עד
06/2022",2016
מוטוקרוס,"צבע
כתום",03/09/2021,5,"קילומטראז'
400","דרגת רשיון
A2 עד 125 סמ""ק/14 כ""ס","בעלות נוכחית
פרטית",כרמיאל,ק.ט.מ,EXC 125,"19,000 ₪",125,"טסט עד
04/2022",2010
ספורט/כביש,"בעלות נוכחית
פרטית",03/09/2021,10,"צבע
לבן פנינה","טסט עד
12/2021","מוכן להחלפה
כן",רמת גן,סוזוקי,GSX-R1300 היאבוסה,לא צוין מחיר,1350,"בעלות קודמת
פרטית",2008
דו שימושי,"בעלות נוכחית
פרטית",03/09/2021,3,"צבע
שמפניה","טסט עד
06/2022","מוכן להחלפה
לא",חולון,הוסקוורנה,TE300,"32,500 ₪",300,"בעלות קודמת
פרטית",2016
ספורט/כביש,"צבע
כחול כהה מטאלי",03/09/2021,1,"קילומטראז'
6500","דרגת רשיון
A1 עד 47 כ""ס","בעלות נוכחית
פרטית",נתניה,ימאהה,MT-03,"30,500 ₪",300,"טסט עד
08/2022",2020
ספורט/כביש,"צבע
שחור",03/09/2021,3,"קילומטראז'
36000","דרגת רשיון
A2 עד 125 סמ""ק/14 כ""ס","בעלות קודמת
פרטית",ראש העין,סאן,יאנג ג'וי מקס ספורט 125,"5,900 ₪",125,"בעלות נוכחית
פרטית",2011
ספורט/כביש,"צבע
לבן פנינה",03/09/2021,4,"קילומטראז'
49000","דרגת רשיון
A ללא הגבלה","בעלות נוכחית
פרטית",כרמיאל,הונדה,CB650F,"23,600 ₪",650,"טסט עד
01/2022",2015
דו שימושי,"צבע
לבן מטאלי",03/09/2021,1,"קילומטראז'
28000","דרגת רשיון
A ללא הגבלה","בעלות נוכחית
פרטית",רעננה,הונדה,אפריקה טווין CRF1100L,"105,000 ₪",1100,"טסט עד
02/2022",2020
ספורט/כביש,"צבע
לבן",03/09/2021,3,"קילומטראז'
120000","דרגת רשיון
A ללא הגבלה","בעלות נוכחית
פרטית",הרצליה,הונדה,CBR650F,"15,000 ₪",650,"טסט עד
12/2021",2014
דו שימושי,"צבע
לבן פנינה",03/09/2021,1,"קילומטראז'
11000","דרגת רשיון
A1 עד 47 כ""ס","בעלות נוכחית
פרטית",עכו,הונדה,CB500X,"39,000 ₪",500,"טסט עד
09/2022",2020
ספורט/כביש,"צבע
שחור מטאלי",03/09/2021,1,"קילומטראז'
19000","דרגת רשיון
A2 עד 125 סמ""ק/14 כ""ס","בעלות נוכחית
פרטית",רעננה,ימאהה,YZF-R125,"19,000 ₪",125,"טסט עד
12/2021",2019
ספורט/כביש,"צבע
כחול",03/09/2021,3,"קילומטראז'
43000","דרגת רשיון
A1 עד 47 כ""ס","בעלות נוכחית
פרטית",תל אביב יפו,ימאהה,MT 07,"29,000 ₪",700,"טסט עד
05/2022",2016
ספורט/כביש,"צבע
ירוק בקבוק",03/09/2021,3,"קילומטראז'
48000","דרגת רשיון
A ללא הגבלה","בעלות נוכחית
פרטית",תל אביב יפו,ימאהה,MT 09 TRACER,לא צוין מחיר,900,"טסט עד
07/2022",2017
ספורט/כביש,"טסט עד
04/2022",03/09/2021,1,"קילומטראז'
120","צבע
כחול כהה מטאלי","מוכן להחלפה
לא",חיפה,ימאהה,MT-10,"80,000 ₪",1000,"בעלות נוכחית
פרטית",2021
ספורט/כביש,"טסט עד
06/2022",03/09/2021,3,"קילומטראז'
44152","צבע
שחור","בעלות קודמת
פרטית",קיסריה,ימאהה,YZF-R3,"17,000 ₪",300,"בעלות נוכחית
פרטית",2015
דו שימושי,"צבע
לבן",03/09/2021,3,"קילומטראז'
216","דרגת רשיון
A2 עד 125 סמ""ק/14 כ""ס","בעלות נוכחית
פרטית",אליכין,הוסקוורנה,TE250,"41,000 ₪",250,"טסט עד
11/2021",2018
ספורט/כביש,"צבע
שחור",03/09/2021,9,"קילומטראז'
19000","דרגת רשיון
A1 עד 47 כ""ס","בעלות נוכחית
פרטית",דימונה,ק.ט.מ,RC200,"9,500 ₪",200,"טסט עד
02/2022",2017
דו שימושי,"בעלות נוכחית
פרטית",03/09/2021,4,"דרגת רשיון
A ללא הגבלה","צבע
לבן פנינה","מוכן להחלפה
לא",מודיעין מכבים רעות,קאוואסאקי,ZZR1100/1200,"40,000 ₪",1200,"בעלות קודמת
פרטית",2002
דו שימושי,"צבע
כתום",03/09/2021,2,"קילומטראז'
63","דרגת רשיון
A1 עד 47 כ""ס","בעלות נוכחית
פרטית",נהלל,ק.ט.מ,EXC 250,"58,000 ₪",250,"טסט עד
10/2021",2021
דו שימושי,"צבע
לבן",03/09/2021,2,"קילומטראז'
215000","דרגת רשיון
A ללא הגבלה","בעלות נוכחית
פרטית",בית שמש,ימאהה,XT1200Z סופר טנרה,"18,500 ₪",1200,"טסט עד
06/2022",2013
ספורט/כביש,"צבע
כחול בהיר מטאלי",03/09/2021,7,"קילומטראז'
54000","דרגת רשיון
A ללא הגבלה","בעלות נוכחית
פרטית",מעלה עירון,ב.מ.וו,S1000RR,"68,000 ₪",1000,"טסט עד
05/2022",2013
דו שימושי,"צבע
אדום",03/09/2021,4,"קילומטראז'
48000","דרגת רשיון
A1 עד 47 כ""ס","בעלות נוכחית
פרטית",קדימה צורן,הונדה,CB500X,"28,000 ₪",500,"טסט עד
02/2022",2017
ספורט/כביש,"צבע
שחור מטאלי",03/09/2021,3,"קילומטראז'
95000","דרגת רשיון
A ללא הגבלה","בעלות נוכחית
פרטית",יפעת,ב.מ.וו,R1200GS,"92,000 ₪",1200,"טסט עד
05/2022",2017
ספורט/כביש,"צבע
אפור מטאלי",03/09/2021,5,"קילומטראז'
34500","דרגת רשיון
A ללא הגבלה","בעלות נוכחית
פרטית",ירושלים,ימאהה,MT 09,"34,000 ₪",900,"טסט עד
07/2022",2017
דו שימושי,"צבע
לבן",03/09/2021,6,"קילומטראז'
380","דרגת רשיון
A1 עד 47 כ""ס","בעלות נוכחית
פרטית",שדה בוקר,ק.ט.מ,250 EXC-F,לא צוין מחיר,250,"טסט עד
01/2022",2013
ספורט/כביש,"צבע
שחור",03/09/2021,1,"קילומטראז'
3300","דרגת רשיון
A ללא הגבלה","מוכן להחלפה
לא",ראשון לציון,ימאהה,MT 09 TRACER,לא צוין מחיר,900,"בעלות נוכחית
פרטית",2021
ספורט/כביש,"צבע
צהוב",03/09/2021,5,"קילומטראז'
189140","דרגת רשיון
A ללא הגבלה","בעלות נוכחית
פרטית",נצרת עילית / נוף הגליל,סוזוקי,DL1000 וי-סטרום,"11,000 ₪",1000,"טסט עד
05/2022",2002
דו שימושי,"צבע
כתום",03/09/2021,2,"קילומטראז'
8500","דרגת רשיון
A1 עד 47 כ""ס","בעלות נוכחית
פרטית",מגדל העמק,ק.ט.מ,EXC 250,"33,000 ₪",250,"טסט עד
10/2021",2018
דו שימושי,"צבע
לבן",03/09/2021,2,"קילומטראז'
55","דרגת רשיון
A1 עד 47 כ""ס","בעלות קודמת
פרטית",אריאל,ק.ט.מ,EXC 250,"49,000 ₪",250,"בעלות נוכחית
פרטית",2019
דו שימושי,"צבע
אדום מטאלי",03/09/2021,6,"קילומטראז'
75000","דרגת רשיון
A ללא הגבלה","בעלות נוכחית
פרטית",אשדוד,הונדה,NC700X,"19,500 ₪",700,"טסט עד
11/2021",2012
דו שימושי,"צבע
כתום",03/09/2021,2,"קילומטראז'
130","דרגת רשיון
A1 עד 47 כ""ס","בעלות נוכחית
פרטית",רמת גן,ק.ט.מ,EXC-F 350,"42,000 ₪",350,"טסט עד
12/2021",2016
דו שימושי,"טסט עד
02/2022",03/09/2021,3,"קילומטראז'
28000","צבע
צהוב","בעלות קודמת
פרטית",רמלה,סוזוקי,DRZ400S,"20,000 ₪",400,"בעלות נוכחית
פרטית",2016
ספורט/כביש,"צבע
שחור מטאלי",03/09/2021,3,"קילומטראז'
27644","דרגת רשיון
A1 עד 47 כ""ס","בעלות נוכחית
פרטית",אשקלון,קאוואסאקי,Z250,"13,500 ₪",250,"טסט עד
07/2022",2016
ספורט/כביש,"צבע
לבן",03/09/2021,2,"קילומטראז'
16000","דרגת רשיון
A2 עד 125 סמ""ק/14 כ""ס","בעלות נוכחית
פרטית",עפולה,ק.ט.מ,דיוק 125,"13,000 ₪",125,"טסט עד
07/2022",2019
דו שימושי,"צבע
כחול",03/09/2021,10,"קילומטראז'
87000","דרגת רשיון
A ללא הגבלה","בעלות נוכחית
פרטית",תל עדשים,ימאהה,XTZ750 סופר-טנרה,לא צוין מחיר,750,"טסט עד
01/2022",1996
ספורט/כביש,"צבע
שחור",03/09/2021,3,"קילומטראז'
53600","דרגת רשיון
A1 עד 47 כ""ס","בעלות נוכחית
פרטית",תדהר,הונדה,CBR500R,"26,500 ₪",500,"טסט עד
08/2022",2016
דו שימושי,"צבע
אפור",03/09/2021,2,"קילומטראז'
54000","דרגת רשיון
A ללא הגבלה","בעלות נוכחית
פרטית",חיפה,סוזוקי,DL650GT וי-סטרום,"31,500 ₪",650,"טסט עד
10/2021",2015
קסטום,"צבע
שחור",03/09/2021,1,"קילומטראז'
35000","דרגת רשיון
A ללא הגבלה","בעלות נוכחית
פרטית",זכרון יעקב,הרלי,דיווידסון סופטייל דלוקס 1450,"79,900 ₪",1450,"טסט עד
04/2022",2005
קסטום,"טסט עד
08/2021",03/09/2021,6,"דרגת רשיון
A1 עד 47 כ""ס","צבע
שחור","בעלות קודמת
פרטית",כאבול,קאוואסאקי,EN500,לא צוין מחיר,500,"בעלות נוכחית
פרטית",1998
ספורט/כביש,"צבע
לבן",03/09/2021,1,"קילומטראז'
6500","דרגת רשיון
A1 עד 47 כ""ס","מוכן להחלפה
כן",ירושלים,ק.ט.מ,SMC690,"53,999 ₪",700,"בעלות נוכחית
פרטית",2020
ספורט/כביש,"צבע
שחור",03/09/2021,1,"קילומטראז'
30000","דרגת רשיון
A ללא הגבלה","בעלות נוכחית
פרטית",ראש העין,ב.מ.וו,S1000R,"75,500 ₪",1000,"טסט עד
04/2022",2019
ספורט/כביש,"צבע
כתום",03/09/2021,6,"קילומטראז'
52000","דרגת רשיון
A1 עד 47 כ""ס","בעלות נוכחית
פרטית",מודיעין מכבים רעות,ק.ט.מ,דיוק 200,"6,950 ₪",200,"טסט עד
11/2021",2015
דו שימושי,"צבע
כתום",03/09/2021,1,"קילומטראז'
97","דרגת רשיון
A1 עד 47 כ""ס","בעלות נוכחית
פרטית",מגאר,ק.ט.מ,EXC 250,"54,000 ₪",250,"טסט עד
01/2022",2021
ספורט/כביש,"צבע
שחור",03/09/2021,1,"קילומטראז'
23000","דרגת רשיון
A1 עד 47 כ""ס","מוכן להחלפה
לא",תל אביב יפו,ימאהה,MT 07,"41,500 ₪",700,"בעלות נוכחית
פרטית",2019
ספורט/כביש,"צבע
לבן",03/09/2021,4,"קילומטראז'
57000","דרגת רשיון
A ללא הגבלה","בעלות נוכחית
פרטית",קרית טבעון,ימאהה,FZ8,"27,000 ₪",800,"טסט עד
08/2022",2008
ספורט/כביש,"צבע
שחור מטאלי",03/09/2021,3,"קילומטראז'
57","דרגת רשיון
A1 עד 47 כ""ס","בעלות נוכחית
פרטית",בית שאן,קאוואסאקי,נינג'ה 400,לא צוין מחיר,400,"טסט עד
04/2022",2018
דו שימושי,"בעלות נוכחית
פרטית",03/09/2021,7,"צבע
כתום","טסט עד
02/2022","מוכן להחלפה
לא",יבנה,ק.ט.מ,250 EXC-F,"24,999 ₪",250,"בעלות קודמת
פרטית",2012
דו שימושי,"צבע
לבן פנינה",03/09/2021,7,"קילומטראז'
91000","דרגת רשיון
A ללא הגבלה","בעלות נוכחית
פרטית",אבן יהודה,סוזוקי,DL650 וי-סטרום,"21,500 ₪",650,"טסט עד
05/2022",2012
דו שימושי,"צבע
שחור מטאלי",03/09/2021,3,"קילומטראז'
84000","דרגת רשיון
A ללא הגבלה","בעלות נוכחית
פרטית",רינתיה,ימאהה,XT1200Z סופר טנרה,"47,000 ₪",1200,"טסט עד
10/2022",2015
דו שימושי,"טסט עד
05/2022",03/09/2021,2,"קילומטראז'
223000","צבע
אפור עכבר","בעלות קודמת
ממשלתי",עין דור,ב.מ.וו,R1200GS,"52,000 ₪",1200,"בעלות נוכחית
פרטית",2011
דו שימושי,"טסט עד
03/2022",03/09/2021,2,"דרגת רשיון
A1 עד 47 כ""ס","צבע
כתום","בעלות קודמת
פרטית",פרדס חנה כרכור,ק.ט.מ,EXC 300,"43,900 ₪",300,"בעלות נוכחית
פרטית",2018
קסטום,"צבע
לבן פנינה",03/09/2021,1,"קילומטראז'
9000","דרגת רשיון
A1 עד 47 כ""ס","בעלות נוכחית
פרטית",אשדוד,קאוואסאקי,VN900 קלאסיק,"56,000 ₪",900,"טסט עד
01/2022",2017
דו שימושי,"צבע
שחור",03/09/2021,2,"קילומטראז'
2000","דרגת רשיון
A1 עד 47 כ""ס","בעלות נוכחית
פרטית",ירושלים,סוזוקי,וי-סטרום 250,"26,000 ₪",250,"טסט עד
08/2022",2020
דו שימושי,"צבע
לבן מטאלי",03/09/2021,1,"קילומטראז'
7000","דרגת רשיון
A ללא הגבלה","בעלות נוכחית
פרטית",נתניה,רויאל,אנפילד בולט קלאסיק,לא צוין מחיר,500,"טסט עד
01/2022",2019
דו שימושי,"צבע
שמפניה",03/09/2021,2,"קילומטראז'
5000","דרגת רשיון
A1 עד 47 כ""ס","בעלות נוכחית
פרטית",רעננה,הוסקוורנה,TE250,"38,250 ₪",250,"טסט עד
11/2021",2018
ספורט/כביש,"צבע
ירוק מטאלי",03/09/2021,1,"קילומטראז'
2000","דרגת רשיון
A1 עד 47 כ""ס","מוכן להחלפה
לא",טמרה יזרעאל,קאוואסאקי,נינג'ה 650,לא צוין מחיר,650,"בעלות נוכחית
פרטית",2020
ספורט/כביש,"צבע
אדום",03/09/2021,4,"קילומטראז'
40000","דרגת רשיון
A1 עד 47 כ""ס","בעלות קודמת
פרטית",רמת גן,הונדה,CB500F,"25,000 ₪",500,"בעלות נוכחית
פרטית",2017
דו שימושי,"טסט עד
01/2022",03/09/2021,1,"קילומטראז'
7500","צבע
שחור","מוכן להחלפה
לא",ראש העין,הונדה,NC750X,"58,900 ₪",750,"בעלות נוכחית
פרטית",2021
ספורט/כביש,"צבע
שחור",03/09/2021,2,"קילומטראז'
47000","דרגת רשיון
A ללא הגבלה","בעלות קודמת
פרטית",תל אביב יפו,קאוואסאקי,Z1000SX,"55,000 ₪",1000,"בעלות נוכחית
פרטית",2018
ספורט/כביש,"צבע
שחור",03/09/2021,2,"קילומטראז'
15000","דרגת רשיון
A1 עד 47 כ""ס","בעלות נוכחית
פרטית",רחובות,ימאהה,MT 07,"39,000 ₪",700,"טסט עד
03/2022",2019
קסטום,"צבע
שחור מטאלי",03/09/2021,4,"קילומטראז'
82700","דרגת רשיון
A ללא הגבלה","בעלות נוכחית
פרטית",עומר,הונדה,VTX1800C,"79,000 ₪",1800,"טסט עד
03/2022",2007
קסטום,"צבע
שחור מטאלי",03/09/2021,1,"קילומטראז'
35000","דרגת רשיון
A1 עד 47 כ""ס","בעלות נוכחית
פרטית",פתח תקווה,הונדה,CMX 500 רבל,"28,000 ₪",500,"טסט עד
04/2022",2017
ספורט/כביש,"צבע
כתום",03/09/2021,2,"קילומטראז'
13000","דרגת רשיון
A1 עד 47 כ""ס","בעלות נוכחית
פרטית",נען,ק.ט.מ,RC390,"21,500 ₪",400,"טסט עד
02/2022",2018
ספורט/כביש,"צבע
לבן",03/09/2021,2,"קילומטראז'
61000","דרגת רשיון
A ללא הגבלה","בעלות נוכחית
פרטית",חולון,סוזוקי,GSR750,"22,000 ₪",750,"טסט עד
02/2022",2012
דו שימושי,"צבע
ירוק בהיר",03/09/2021,3,"קילומטראז'
3500","דרגת רשיון
A1 עד 47 כ""ס","בעלות נוכחית
פרטית",חיפה,קאוואסאקי,KX,"24,000 ₪",250,"טסט עד
05/2022",2016
ספורט/כביש,"צבע
שחור",03/09/2021,4,"קילומטראז'
32000","דרגת רשיון
A1 עד 47 כ""ס","בעלות נוכחית
פרטית",מגדל העמק,קאוואסאקי,נינג'ה 400,"21,000 ₪",400,"טסט עד
03/2022",2019
דו שימושי,"צבע
אפור עכבר",03/09/2021,2,"קילומטראז'
86232","דרגת רשיון
A ללא הגבלה","בעלות נוכחית
פרטית",ישעי,ב.מ.וו,F700GS,"32,000 ₪",800,"טסט עד
12/2021",2014
ספורט/כביש,"צבע
אפור",03/09/2021,2,"קילומטראז'
75000","דרגת רשיון
A ללא הגבלה","בעלות נוכחית
פרטית",כפר סבא,ימאהה,MT 09,"32,000 ₪",900,"טסט עד
05/2022",2016
דו שימושי,"צבע
שחור",03/09/2021,3,"קילומטראז'
74000","דרגת רשיון
A1 עד 47 כ""ס","בעלות קודמת
פרטית",נתניה,דוקאטי,היפרמוטרד 796 מט,"20,000 ₪",800,"בעלות נוכחית
פרטית",2010
ספורט/כביש,"צבע
שחור",03/09/2021,2,"קילומטראז'
13000","דרגת רשיון
A ללא הגבלה","בעלות נוכחית
פרטית",רעננה,דוקאטי,דיאבל X,"123,000 ₪",1250,"טסט עד
04/2022",2018
ספורט/כביש,"צבע
ירוק בהיר",03/09/2021,2,"קילומטראז'
36000","דרגת רשיון
A2 עד 125 סמ""ק/14 כ""ס","בעלות קודמת
פרטית",ביריה,קאוואסאקי,נינג'ה 250R,"9,000 ₪",250,"בעלות נוכחית
פרטית",2016
ספורט/כביש,"צבע
אפור",03/09/2021,4,"קילומטראז'
62000","דרגת רשיון
A ללא הגבלה","בעלות נוכחית
פרטית",בת ים,ימאהה,MT 07,"23,000 ₪",700,"טסט עד
04/2022",2015
דו שימושי,"טסט עד
10/2021",03/09/2021,1,"דרגת רשיון
A2 עד 125 סמ""ק/14 כ""ס","צבע
כחול","מוכן להחלפה
לא",עפולה,בטא,איקסטריינר 250,"42,000 ₪",250,"בעלות נוכחית
פרטית",2020
דו שימושי,"צבע
כחול כהה",03/09/2021,3,"קילומטראז'
21500","דרגת רשיון
A1 עד 47 כ""ס","בעלות נוכחית
פרטית",חולון,ימאהה,WR250R,"21,500 ₪",250,"טסט עד
02/2022",2017
דו שימושי,"צבע
אפור",03/09/2021,1,"קילומטראז'
4700","דרגת רשיון
A1 עד 47 כ""ס","בעלות נוכחית
פרטית",רעננה,בנלי,TRK502X,"39,000 ₪",500,"טסט עד
08/2022",2020
ספורט/כביש,"צבע
לבן",03/09/2021,3,"קילומטראז'
26200","דרגת רשיון
A1 עד 47 כ""ס","בעלות נוכחית
פרטית",רמת גן,ק.ט.מ,דיוק 690R,"23,000 ₪",700,"טסט עד
04/2022",2017
דו שימושי,"טסט עד
07/2022",03/09/2021,2,"קילומטראז'
135","צבע
כתום","בעלות קודמת
פרטית",ירושלים,ק.ט.מ,EXC 450 רייסינג,"35,000 ₪",450,"בעלות נוכחית
פרטית",2016
קסטום,"צבע
שחור",03/09/2021,5,"קילומטראז'
35000","דרגת רשיון
A ללא הגבלה","בעלות נוכחית
פרטית",תל אביב יפו,הרלי,דיווידסון ספורטסטר 1200C,"47,000 ₪",1200,"טסט עד
02/2022",2007
ספורט/כביש,"צבע
שחור",03/09/2021,2,"קילומטראז'
29000","דרגת רשיון
A ללא הגבלה","בעלות קודמת
פרטית",גבעת שמואל,קאוואסאקי,Z650 abs,"24,000 ₪",650,"בעלות נוכחית
פרטית",2018
ספורט/כביש,"צבע
אפור מטאלי",03/09/2021,1,"קילומטראז'
12000","דרגת רשיון
A ללא הגבלה","בעלות נוכחית
פרטית",דימונה,סוזוקי,SV650A,"34,000 ₪",650,"טסט עד
12/2021",2019
ספורט/כביש,"טסט עד
10/2022",03/09/2021,5,"קילומטראז'
36000","צבע
כתום","בעלות קודמת
פרטית",חדרה,ק.ט.מ,דיוק 390,"14,500 ₪",400,"בעלות נוכחית
פרטית",2017
דו שימושי,"צבע
לבן",03/09/2021,3,"קילומטראז'
6800","דרגת רשיון
A1 עד 47 כ""ס","בעלות נוכחית
פרטית",גבעתיים,AJP,PR5 250 LC,"19,000 ₪",250,"טסט עד
09/2022",2014
דו שימושי,"צבע
בורדו מטאלי",03/09/2021,2,"קילומטראז'
9000","דרגת רשיון
A1 עד 47 כ""ס","בעלות נוכחית
פרטית",רמת גן,סוזוקי,DL650 וי-סטרום,"46,000 ₪",650,"טסט עד
07/2022",2019
דו שימושי,"צבע
כחול כהה מטאלי",03/09/2021,2,"קילומטראז'
23000","דרגת רשיון
A1 עד 47 כ""ס","בעלות נוכחית
פרטית",תל אביב יפו,ימאהה,טנרה 700,"56,000 ₪",700,"טסט עד
03/2022",2020
דו שימושי,"צבע
שחור מטאלי",03/09/2021,2,"קילומטראז'
54000","דרגת רשיון
A ללא הגבלה","בעלות נוכחית
פרטית",יבנה,הונדה,NC750X,"39,500 ₪",750,"טסט עד
10/2021",2017
ספורט/כביש,"צבע
שחור",03/09/2021,10,"קילומטראז'
80000","דרגת רשיון
A ללא הגבלה","בעלות נוכחית
פרטית",ירושלים,קאוואסאקי,ER-6N,"14,000 ₪",650,"טסט עד
01/2022",2011
ספורט/כביש,"טסט עד
05/2022",03/09/2021,3,"קילומטראז'
70000","צבע
כחול כהה מטאלי","בעלות קודמת
פרטית",יבנה,הונדה,אחר,"25,000 ₪",1100,"בעלות נוכחית
פרטית",1981
ספורט/כביש,"צבע
שחור",03/09/2021,4,"קילומטראז'
25000","דרגת רשיון
A ללא הגבלה","בעלות נוכחית
פרטית",ירושלים,קאוואסאקי,Z900,"40,000 ₪",900,"טסט עד
09/2022",2018
ספורט/כביש,"צבע
אדום מטאלי",03/09/2021,3,"קילומטראז'
121100","דרגת רשיון
A ללא הגבלה","בעלות נוכחית
פרטית",ראשון לציון,הונדה,VFR1200F,לא צוין מחיר,1200,"טסט עד
07/2022",2011
מוטוקרוס,"בעלות נוכחית
פרטית",03/09/2021,7,"צבע
כתום","טסט עד
08/2022","מוכן להחלפה
לא",יתיר,ק.ט.מ,250 EXC-F,"17,000 ₪",250,"בעלות קודמת
פרטית",2008
דו שימושי,"צבע
אפור",03/09/2021,1,"קילומטראז'
31000","דרגת רשיון
A1 עד 47 כ""ס","בעלות נוכחית
פרטית",תל אביב יפו,בנלי,TRK 502,"35,000 ₪",500,"טסט עד
08/2022",2019
ספורט/כביש,"צבע
לבן פנינה",03/09/2021,3,"קילומטראז'
75000","דרגת רשיון
A ללא הגבלה","בעלות נוכחית
פרטית",חיפה,סוזוקי,DL650 וי-סטרום,"28,000 ₪",650,"טסט עד
08/2022",2015
דו שימושי,"טסט עד
12/2021",03/09/2021,2,"קילומטראז'
4000","צבע
שחור מטאלי","בעלות קודמת
פרטית",שדה צבי,קאוואסאקי,KLX250R,"19,000 ₪",250,"בעלות נוכחית
פרטית",2019
קסטום,"צבע
כחול בהיר מטאלי",03/09/2021,2,"קילומטראז'
20000","דרגת רשיון
A ללא הגבלה","בעלות נוכחית
פרטית",רמת גן,סוזוקי,אחר,"32,000 ₪",850,"טסט עד
09/2022",1993
דו שימושי,"צבע
תכלת מטאלי",03/09/2021,1,"קילומטראז'
1000","דרגת רשיון
A1 עד 47 כ""ס","בעלות נוכחית
פרטית",נתניה,ימאהה,WR400/426/450F,לא צוין מחיר,400,"טסט עד
12/2021",2001
מוטוקרוס,"בעלות נוכחית
פרטית",03/09/2021,2,"קילומטראז'
10","צבע
אדום מטאלי","מוכן להחלפה
לא",בת ים,BSE,PH10L 150,"11,000 ₪",150,"בעלות קודמת
פרטית",2018
דו שימושי,"צבע
אפור מטאלי",03/09/2021,3,"קילומטראז'
64373","דרגת רשיון
A ללא הגבלה","בעלות נוכחית
פרטית",הרצליה,הונדה,GL1800 גולד-ווינג,"113,000 ₪",1800,"טסט עד
02/2022",2009
דו שימושי,"טסט עד
10/2021",03/09/2021,2,"דרגת רשיון
A1 עד 47 כ""ס","צבע
כתום","בעלות קודמת
פרטית",באר שבע,ק.ט.מ,EXC 250,"46,000 ₪",250,"בעלות נוכחית
פרטית",2019
ספורט/כביש,"טסט עד
04/2022",03/09/2021,5,"קילומטראז'
120000","צבע
לבן","בעלות קודמת
פרטית",אלעד,דיאלים,Roadwin 250,"7,500 ₪",250,"בעלות נוכחית
פרטית",2014
דו שימושי,"צבע
כסוף",03/09/2021,1,"קילומטראז'
39000","דרגת רשיון
A ללא הגבלה","בעלות נוכחית
פרטית",בת ים,ימאהה,MT 09,"48,000 ₪",900,"טסט עד
12/2021",2018
ספורט/כביש,"צבע
אדום",03/09/2021,8,"קילומטראז'
71000","דרגת רשיון
A ללא הגבלה","בעלות נוכחית
פרטית",תל אביב יפו,ימאהה,FZ8,"22,500 ₪",800,"טסט עד
04/2022",2012
ספורט/כביש,"צבע
כחול כהה מטאלי",03/09/2021,4,"קילומטראז'
70","דרגת רשיון
A ללא הגבלה","בעלות נוכחית
פרטית",קרית מלאכי,הונדה,CBR1000RR,לא צוין מחיר,1000,"טסט עד
08/2021",2004
ספורט/כביש,"צבע
שחור",03/09/2021,7,"קילומטראז'
43000","דרגת רשיון
A1 עד 47 כ""ס","בעלות נוכחית
פרטית",קרית מלאכי,ק.ט.מ,דיוק 690R,לא צוין מחיר,700,"טסט עד
12/2021",2014
דו שימושי,"צבע
שחור",03/09/2021,2,"קילומטראז'
10000","דרגת רשיון
A1 עד 47 כ""ס","בעלות נוכחית
פרטית",דימונה,ימאהה,טנרה 700,"58,000 ₪",700,"טסט עד
01/2022",2020
דו שימושי,"טסט עד
01/2022",03/09/2021,3,"קילומטראז'
3000","צבע
אדום","בעלות קודמת
פרטית",נס ציונה,הונדה,CRF450X,"34,000 ₪",450,"בעלות נוכחית
פרטית",2017
דו שימושי,"צבע
שחור",03/09/2021,1,"קילומטראז'
16500","דרגת רשיון
A1 עד 47 כ""ס","בעלות נוכחית
פרטית",נס ציונה,הונדה,CB500X,"39,000 ₪",500,"טסט עד
02/2022",2020
דו שימושי,"צבע
שחור",03/09/2021,2,"קילומטראז'
31000","דרגת רשיון
A ללא הגבלה","בעלות נוכחית
פרטית",חדרה,סוזוקי,DL650 וי-סטרום,"33,000 ₪",650,"טסט עד
09/2021",2017
ספורט/כביש,"צבע
שחור",03/09/2021,4,"קילומטראז'
28000","דרגת רשיון
A1 עד 47 כ""ס","בעלות נוכחית
פרטית",נורדיה,יוסאנג,GT650R קומט,"23,000 ₪",650,"טסט עד
01/2022",2015
קסטום,"צבע
שחור מטאלי",03/09/2021,1,"קילומטראז'
5500","דרגת רשיון
A ללא הגבלה","בעלות נוכחית
פרטית",נורדיה,הרלי,דיווידסון אחר,לא צוין מחיר,1800,"טסט עד
02/2022",2019
ספורט/כביש,"צבע
שחור מטאלי",03/09/2021,1,"קילומטראז'
150","דרגת רשיון
A2 עד 125 סמ""ק/14 כ""ס","בעלות נוכחית
פרטית",חולון,ימאהה,YZF-R125,"22,500 ₪",125,"טסט עד
08/2022",2021
ספורט/כביש,"צבע
ירוק",03/09/2021,3,"קילומטראז'
17850","דרגת רשיון
A1 עד 47 כ""ס","בעלות נוכחית
פרטית",שדרות,קאוואסאקי,נינג'ה 400,"29,200 ₪",400,"טסט עד
03/2022",2019
דו שימושי,"טסט עד
06/2022",03/09/2021,2,"דרגת רשיון
A1 עד 47 כ""ס","צבע
לבן שנהב","בעלות קודמת
פרטית",שדרות,הוסקוורנה,FE350,"49,500 ₪",350,"בעלות נוכחית
פרטית",2017
ספורט/כביש,"צבע
חום מטאלי",03/09/2021,2,"קילומטראז'
45000","דרגת רשיון
A ללא הגבלה","בעלות נוכחית
פרטית",אשדוד,ב.מ.וו,K1600GTL,לא צוין מחיר,1800,"טסט עד
01/2022",2017
ספורט/כביש,"צבע
כחול כהה מטאלי",03/09/2021,5,"קילומטראז'
57000","דרגת רשיון
A1 עד 47 כ""ס","בעלות נוכחית
פרטית",נהריה,קאוואסאקי,ER-5,"10,000 ₪",500,"טסט עד
09/2021",2006
קסטום,"צבע
כחול",03/09/2021,10,"קילומטראז'
100000","דרגת רשיון
A ללא הגבלה","בעלות קודמת
לימוד נהיגה",רעננה,טריומף,אחר,"30,000 ₪",500,"בעלות נוכחית
פרטית",1971
ספורט/כביש,"בעלות נוכחית
פרטית",03/09/2021,7,"קילומטראז'
52000","צבע
שחור","מוכן להחלפה
כן",ירושלים,סוזוקי,SV650S,"15,000 ₪",650,"בעלות קודמת
פרטית",2009
ספורט/כביש,"צבע
שחור מטאלי",03/09/2021,2,"קילומטראז'
8000","דרגת רשיון
A ללא הגבלה","בעלות נוכחית
פרטית",רמת גן,סוזוקי,GSXS750,"53,000 ₪",750,"טסט עד
11/2022",2020
ספורט/כביש,"טסט עד
09/2022",03/09/2021,1,"קילומטראז'
11500","צבע
שחור מטאלי","מוכן להחלפה
לא",אשקלון,ימאהה,MT 09 TRACER,לא צוין מחיר,900,"בעלות נוכחית
פרטית",2020
ספורט/כביש,"צבע
שחור",03/09/2021,3,"קילומטראז'
23500","דרגת רשיון
A1 עד 47 כ""ס","בעלות נוכחית
פרטית",פתח תקווה,ק.ט.מ,RC390,לא צוין מחיר,400,"טסט עד
05/2022",2018
ספורט/כביש,"צבע
שחור",03/09/2021,2,"קילומטראז'
37000","דרגת רשיון
A ללא הגבלה","בעלות נוכחית
פרטית",נתניה,סוזוקי,SV650A,"28,000 ₪",650,"טסט עד
01/2022",2018
קסטום,"צבע
שחור מטאלי",03/09/2021,2,"קילומטראז'
12800","דרגת רשיון
A1 עד 47 כ""ס","בעלות נוכחית
פרטית",עין נקובא,קליבלנד,tha heist 250,לא צוין מחיר,250,"טסט עד
12/2021",2015
דו שימושי,"צבע
אדום",03/09/2021,2,"קילומטראז'
4100","דרגת רשיון
A1 עד 47 כ""ס","בעלות נוכחית
פרטית",תל אביב יפו,הונדה,CRF250L,"31,000 ₪",250,"טסט עד
07/2022",2020
ספורט/כביש,"צבע
ירוק",03/09/2021,2,"קילומטראז'
23000","דרגת רשיון
A ללא הגבלה","בעלות נוכחית
פרטית",נצרת,קאוואסאקי,ZX-636R/6R,"62,000 ₪",600,"טסט עד
05/2022",2019
דו שימושי,"צבע
כתום",03/09/2021,1,"קילומטראז'
34000","דרגת רשיון
A ללא הגבלה","בעלות נוכחית
פרטית",שוהם,ק.ט.מ,אדוונצ'ר 1290S,לא צוין מחיר,1300,"טסט עד
03/2022",2018
ספורט/כביש,"צבע
אפור מטאלי",02/09/2021,6,"קילומטראז'
37000","דרגת רשיון
A1 עד 47 כ""ס","בעלות נוכחית
פרטית",חולון,ימאהה,MT 07,"28,500 ₪",700,"טסט עד
06/2022",2016
ספורט/כביש,"צבע
כתום",02/09/2021,2,"קילומטראז'
55","דרגת רשיון
A ללא הגבלה","בעלות קודמת
פרטית",כפר סבא,ק.ט.מ,סופר-דיוק 1290R,לא צוין מחיר,1300,"בעלות נוכחית
פרטית",2015
דו שימושי,"צבע
לבן",02/09/2021,1,"קילומטראז'
12011","דרגת רשיון
A1 עד 47 כ""ס","בעלות נוכחית
פרטית",ראשון לציון,סוזוקי,DRZ400S,"28,000 ₪",400,"טסט עד
06/2022",2018
ספורט/כביש,"צבע
שחור מטאלי",02/09/2021,4,"קילומטראז'
43000","דרגת רשיון
A ללא הגבלה","בעלות נוכחית
פרטית",נופך,ימאהה,MT 09,"29,000 ₪",900,"טסט עד
03/2022",2014
ספורט/כביש,"בעלות נוכחית
פרטית",02/09/2021,5,"צבע
שחור","טסט עד
10/2022","מוכן להחלפה
לא",טייבה,ימאהה,MT 07,"35,000 ₪",550,"בעלות קודמת
פרטית",2015
דו שימושי,"צבע
לבן מטאלי",02/09/2021,2,"קילומטראז'
34000","דרגת רשיון
A1 עד 47 כ""ס","בעלות נוכחית
פרטית",חולון,סוזוקי,DL650A וי-סטרום,"40,000 ₪",650,"טסט עד
03/2022",2018
דו שימושי,"צבע
לבן פנינה",02/09/2021,2,"קילומטראז'
6000","דרגת רשיון
A1 עד 47 כ""ס","בעלות נוכחית
פרטית",תל אביב יפו,ב.מ.וו,F-750GS,"69,000 ₪",750,"טסט עד
02/2022",2021
ספורט/כביש,"צבע
לבן",02/09/2021,4,"קילומטראז'
24000","דרגת רשיון
A1 עד 47 כ""ס","בעלות נוכחית
פרטית",ירושלים,הונדה,CBR500R,"27,000 ₪",500,"טסט עד
12/2021",2017
ספורט/כביש,"צבע
כתום",02/09/2021,2,"קילומטראז'
16250","דרגת רשיון
A1 עד 47 כ""ס","בעלות נוכחית
פרטית",חיפה,ק.ט.מ,דיוק 390,"18,500 ₪",400,"טסט עד
12/2021",2017
מוטוקרוס,"צבע
לבן",02/09/2021,3,"קילומטראז'
2000","דרגת רשיון
A1 עד 47 כ""ס","בעלות קודמת
פרטית",כפר תבור,בטא,RR300,"29,900 ₪",300,"בעלות נוכחית
פרטית",2018
דו שימושי,"צבע
ירוק בקבוק",02/09/2021,2,"קילומטראז'
29000","דרגת רשיון
A1 עד 47 כ""ס","בעלות נוכחית
פרטית",סופה,רויאל,אנפילד בולט אלקטרה EFI,"22,000 ₪",500,"טסט עד
08/2022",2015
ספורט/כביש,"צבע
שחור מטאלי",02/09/2021,5,"קילומטראז'
28000","דרגת רשיון
A ללא הגבלה","בעלות נוכחית
פרטית",אבו סנאן,קאוואסאקי,Z900,"38,000 ₪",900,"טסט עד
08/2022",2018
דו שימושי,"צבע
שחור",02/09/2021,1,"קילומטראז'
12000","דרגת רשיון
A1 עד 47 כ""ס","מוכן להחלפה
לא",ראש העין,קאוואסאקי,Z250,"15,000 ₪",250,"בעלות נוכחית
פרטית",2017
ספורט/כביש,"צבע
לבן מטאלי",02/09/2021,5,"קילומטראז'
95000","דרגת רשיון
A ללא הגבלה","בעלות נוכחית
פרטית",בוקעתא,ימאהה,FZ6S פייזר,"17,000 ₪",600,"טסט עד
03/2022",2007
קסטום,"צבע
שחור",02/09/2021,10,"קילומטראז'
65000","דרגת רשיון
A1 עד 47 כ""ס","בעלות נוכחית
פרטית",תל אביב יפו,הונדה,CB250,"8,500 ₪",250,"טסט עד
03/2022",2006
קסטום,"צבע
חום מטאלי",02/09/2021,2,"קילומטראז'
40000","דרגת רשיון
A ללא הגבלה","בעלות נוכחית
פרטית",ירושלים,הונדה,אחר,"40,000 ₪",500,"טסט עד
02/2022",1982
קסטום,"צבע
אדום מטאלי",02/09/2021,1,"קילומטראז'
40350","דרגת רשיון
A ללא הגבלה","מוכן להחלפה
לא",הוד השרון,ימאהה,ויראגו 500,"50,000 ₪",500,"בעלות נוכחית
פרטית",1997
ספורט/כביש,"צבע
שחור",02/09/2021,3,"קילומטראז'
54000","דרגת רשיון
A ללא הגבלה","בעלות נוכחית
פרטית",תל אביב יפו,דוקאטי,מונסטר 1100 EVO,לא צוין מחיר,1100,"טסט עד
08/2022",2011
דו שימושי,"צבע
אפור עכבר",02/09/2021,1,"קילומטראז'
39700","דרגת רשיון
A1 עד 47 כ""ס","בעלות נוכחית
פרטית",רמלה,הונדה,CB500X,"29,000 ₪",500,"טסט עד
05/2022",2018
דו שימושי,"צבע
אדום",02/09/2021,1,"קילומטראז'
76","דרגת רשיון
A1 עד 47 כ""ס","בעלות נוכחית
פרטית",ביר הדאג',ק.ט.מ,300 EXC-E,"53,000 ₪",300,"טסט עד
12/2021",2021
קסטום,"צבע
אפור מטאלי",02/09/2021,1,"קילומטראז'
20000","דרגת רשיון
A1 עד 47 כ""ס","בעלות נוכחית
פרטית",נתניה,הרלי,דיווידסון ספורטסטר 883,"79,000 ₪",880,"טסט עד
07/2022",2019
דו שימושי,"צבע
אדום",02/09/2021,3,"קילומטראז'
50000","דרגת רשיון
A1 עד 47 כ""ס","בעלות נוכחית
פרטית",כפר סבא,ימאהה,MT-07 TRACER,"34,500 ₪",700,"טסט עד
07/2022",2017
דו שימושי,"צבע
אדום",02/09/2021,1,"קילומטראז'
28700","דרגת רשיון
A1 עד 47 כ""ס","בעלות נוכחית
פרטית",ברוכין,הונדה,CRF250 RALLY,"23,400 ₪",250,"טסט עד
03/2022",2018
ספורט/כביש,"צבע
אדום מטאלי",02/09/2021,3,"קילומטראז'
30000","דרגת רשיון
A ללא הגבלה","בעלות נוכחית
פרטית",רמת גן,הונדה,CB650F,"32,000 ₪",650,"טסט עד
08/2022",2017
דו שימושי,"טסט עד
12/2021",02/09/2021,6,"דרגת רשיון
A2 עד 125 סמ""ק/14 כ""ס","צבע
אדום","בעלות קודמת
פרטית",חצרים,HM,מוטו איטליה CRE 125R,"13,000 ₪",125,"בעלות נוכחית
פרטית",2013
ספורט/כביש,"צבע
כתום",02/09/2021,1,"קילומטראז'
6800","דרגת רשיון
A1 עד 47 כ""ס","בעלות נוכחית
פרטית",עפולה,ק.ט.מ,דיוק 250,"16,000 ₪",250,"טסט עד
08/2022",2018
דו שימושי,"טסט עד
10/2021",02/09/2021,6,"קילומטראז'
54","צבע
שחור","בעלות קודמת
פרטית",רמת גן,סוזוקי,DRZ400SM,"18,500 ₪",400,"בעלות נוכחית
פרטית",2009
ספורט/כביש,"צבע
שחור מטאלי",02/09/2021,2,"קילומטראז'
41000","דרגת רשיון
A1 עד 47 כ""ס","בעלות קודמת
פרטית",תל אביב יפו,קאוואסאקי,Z250,"9,999 ₪",250,"בעלות נוכחית
פרטית",2016
דו שימושי,"צבע
כחול כהה מטאלי",02/09/2021,5,"קילומטראז'
130000","דרגת רשיון
A ללא הגבלה","בעלות נוכחית
פרטית",פתח תקווה,ימאהה,פייזר 1000,"14,000 ₪",1000,"טסט עד
08/2021",2002
ספורט/כביש,"צבע
אפור מטאלי",02/09/2021,4,"קילומטראז'
79000","דרגת רשיון
A ללא הגבלה","בעלות נוכחית
פרטית",בת חפר,אפריליה,שיבר 750 GT,"13,000 ₪",750,"טסט עד
03/2022",2011
ספורט/כביש,"צבע
לבן פנינה",02/09/2021,3,"קילומטראז'
65420","דרגת רשיון
A ללא הגבלה","בעלות נוכחית
פרטית",כרמיאל,ימאהה,אחר,"36,000 ₪",1200,"טסט עד
02/2022",1989
ספורט/כביש,"צבע
שחור",02/09/2021,1,"קילומטראז'
11000","דרגת רשיון
A1 עד 47 כ""ס","בעלות נוכחית
פרטית",עפולה,קאוואסאקי,Z400,"30,500 ₪",400,"טסט עד
07/2022",2020
ספורט/כביש,"צבע
שחור",02/09/2021,3,"קילומטראז'
37000","דרגת רשיון
A ללא הגבלה","בעלות נוכחית
פרטית",שפרעם,ימאהה,MT 09,"56,000 ₪",850,"טסט עד
05/2022",2019
ספורט/כביש,"צבע
כחול מטאלי",02/09/2021,3,"קילומטראז'
29000","דרגת רשיון
A1 עד 47 כ""ס","בעלות קודמת
פרטית",תל אביב יפו,ב.מ.וו,G310R,"16,500 ₪",300,"בעלות נוכחית
פרטית",2017
מוטוקרוס,"טסט עד
05/2022",02/09/2021,2,"דרגת רשיון
A1 עד 47 כ""ס","צבע
אדום","בעלות קודמת
פרטית",ירושלים,בטא,RR250,"39,000 ₪",250,"בעלות נוכחית
פרטית",2019
ספורט/כביש,"צבע
שחור",02/09/2021,3,"קילומטראז'
24000","דרגת רשיון
A ללא הגבלה","בעלות נוכחית
פרטית",ירושלים,קאוואסאקי,Z900,"36,000 ₪",900,"טסט עד
12/2022",2017
ספורט/כביש,"צבע
שחור",02/09/2021,3,"קילומטראז'
44000","דרגת רשיון
A ללא הגבלה","בעלות נוכחית
פרטית",חיפה,ימאהה,MT-10,"52,000 ₪",1000,"טסט עד
07/2022",2016
